CREATE DATABASE  IF NOT EXISTS `vk` /*!40100 DEFAULT CHARACTER SET utf8mb4 COLLATE utf8mb4_0900_ai_ci */ /*!80016 DEFAULT ENCRYPTION='N' */;
USE `vk`;
-- MySQL dump 10.13  Distrib 8.0.26, for macos11 (x86_64)
--
-- Host: localhost    Database: vk
-- ------------------------------------------------------
-- Server version	8.0.26

/*!40101 SET @OLD_CHARACTER_SET_CLIENT=@@CHARACTER_SET_CLIENT */;
/*!40101 SET @OLD_CHARACTER_SET_RESULTS=@@CHARACTER_SET_RESULTS */;
/*!40101 SET @OLD_COLLATION_CONNECTION=@@COLLATION_CONNECTION */;
/*!50503 SET NAMES utf8 */;
/*!40103 SET @OLD_TIME_ZONE=@@TIME_ZONE */;
/*!40103 SET TIME_ZONE='+00:00' */;
/*!40014 SET @OLD_UNIQUE_CHECKS=@@UNIQUE_CHECKS, UNIQUE_CHECKS=0 */;
/*!40014 SET @OLD_FOREIGN_KEY_CHECKS=@@FOREIGN_KEY_CHECKS, FOREIGN_KEY_CHECKS=0 */;
/*!40101 SET @OLD_SQL_MODE=@@SQL_MODE, SQL_MODE='NO_AUTO_VALUE_ON_ZERO' */;
/*!40111 SET @OLD_SQL_NOTES=@@SQL_NOTES, SQL_NOTES=0 */;

--
-- Table structure for table `communities`
--

DROP TABLE IF EXISTS `communities`;
/*!40101 SET @saved_cs_client     = @@character_set_client */;
/*!50503 SET character_set_client = utf8mb4 */;
CREATE TABLE `communities` (
  `id` int unsigned NOT NULL AUTO_INCREMENT COMMENT 'Идентификатор сроки',
  `com_name` varchar(150) NOT NULL COMMENT 'Название группы',
  `created_at` datetime DEFAULT CURRENT_TIMESTAMP COMMENT 'Время создания строки',
  `updated_at` datetime DEFAULT CURRENT_TIMESTAMP ON UPDATE CURRENT_TIMESTAMP COMMENT 'Время обновления строки',
  PRIMARY KEY (`id`),
  UNIQUE KEY `com_name` (`com_name`)
) ENGINE=InnoDB AUTO_INCREMENT=11 DEFAULT CHARSET=utf8mb4 COLLATE=utf8mb4_0900_ai_ci COMMENT='Группы';
/*!40101 SET character_set_client = @saved_cs_client */;

--
-- Dumping data for table `communities`
--

LOCK TABLES `communities` WRITE;
/*!40000 ALTER TABLE `communities` DISABLE KEYS */;
INSERT INTO `communities` VALUES (1,'animi','1970-04-06 13:21:57','2016-06-10 06:15:02'),(2,'quae','1990-01-17 20:43:21','2019-09-05 09:13:19'),(3,'est','2004-08-29 07:37:21','1994-04-07 01:53:30'),(4,'nihil','2006-08-20 10:55:14','1974-03-10 18:37:02'),(5,'non','1983-07-14 13:29:55','2010-10-05 05:36:19'),(6,'iusto','1990-11-22 06:04:35','1990-10-28 11:13:19'),(7,'qui','1982-05-22 11:33:42','1986-01-23 11:48:12'),(8,'id','1992-07-28 23:49:34','1986-01-23 22:40:46'),(9,'sit','2012-02-08 22:42:33','2008-06-22 04:55:34'),(10,'veniam','2009-04-08 12:26:25','1990-06-05 19:09:28');
/*!40000 ALTER TABLE `communities` ENABLE KEYS */;
UNLOCK TABLES;

--
-- Table structure for table `communities_users`
--

DROP TABLE IF EXISTS `communities_users`;
/*!40101 SET @saved_cs_client     = @@character_set_client */;
/*!50503 SET character_set_client = utf8mb4 */;
CREATE TABLE `communities_users` (
  `community_id` int unsigned NOT NULL COMMENT 'Ссылка на группу',
  `user_id` int unsigned NOT NULL COMMENT 'Ссылка на пользователя',
  `created_at` datetime DEFAULT CURRENT_TIMESTAMP COMMENT 'Время создания строки',
  PRIMARY KEY (`community_id`,`user_id`) COMMENT 'Составной первичный ключ',
  KEY `communities_users_user_id` (`user_id`),
  CONSTRAINT `communities_users_community_id_id` FOREIGN KEY (`community_id`) REFERENCES `communities` (`id`),
  CONSTRAINT `communities_users_user_id` FOREIGN KEY (`user_id`) REFERENCES `users` (`id`)
) ENGINE=InnoDB DEFAULT CHARSET=utf8mb4 COLLATE=utf8mb4_0900_ai_ci COMMENT='Участники групп, связь между пользователями и группами';
/*!40101 SET character_set_client = @saved_cs_client */;

--
-- Dumping data for table `communities_users`
--

LOCK TABLES `communities_users` WRITE;
/*!40000 ALTER TABLE `communities_users` DISABLE KEYS */;
INSERT INTO `communities_users` VALUES (1,1,'1987-04-04 19:19:41'),(1,11,'1993-06-24 05:27:08'),(1,21,'2015-10-27 13:09:30'),(1,31,'1970-02-03 14:35:04'),(1,41,'2015-06-12 13:07:25'),(1,51,'1989-02-25 08:05:56'),(1,61,'1999-06-03 18:30:51'),(1,71,'2002-11-04 11:30:17'),(1,81,'2000-08-17 00:14:33'),(1,91,'1994-11-09 07:42:44'),(2,2,'1991-01-03 17:36:23'),(2,12,'2019-06-17 14:21:14'),(2,22,'1981-07-17 09:44:37'),(2,32,'2002-02-02 23:14:07'),(2,42,'2014-10-05 23:44:16'),(2,52,'1989-03-30 02:13:07'),(2,62,'2016-06-16 04:39:14'),(2,72,'1979-10-08 16:52:13'),(2,82,'2002-06-04 21:12:02'),(2,92,'1976-05-31 01:10:33'),(3,3,'1975-04-06 05:16:32'),(3,13,'2000-10-16 00:52:33'),(3,23,'2008-10-05 12:08:19'),(3,33,'1993-04-04 16:16:33'),(3,43,'1981-04-03 18:05:10'),(3,53,'2000-02-13 09:06:23'),(3,63,'2012-01-11 12:43:54'),(3,73,'2019-12-18 12:15:46'),(3,83,'2006-08-08 07:43:10'),(3,93,'1989-10-19 00:57:37'),(4,4,'1984-10-11 10:53:34'),(4,14,'2008-05-26 21:37:33'),(4,24,'1974-12-07 06:39:51'),(4,34,'2010-08-05 21:45:43'),(4,44,'1983-07-30 00:29:12'),(4,54,'1983-01-07 06:08:45'),(4,64,'2019-02-09 14:59:45'),(4,74,'1992-05-28 12:35:54'),(4,84,'2013-04-16 12:54:33'),(4,94,'2017-05-23 14:57:20'),(5,5,'1979-05-15 15:23:23'),(5,15,'2004-05-16 18:20:42'),(5,25,'1978-02-25 10:37:05'),(5,35,'1991-08-16 21:34:15'),(5,45,'2014-07-19 16:46:38'),(5,55,'2018-11-25 01:38:23'),(5,65,'1985-02-20 05:08:22'),(5,75,'2009-10-02 08:46:44'),(5,85,'2015-02-22 04:17:44'),(5,95,'1981-08-13 15:41:40'),(6,6,'1998-05-22 17:26:17'),(6,16,'2018-09-24 13:01:09'),(6,26,'1997-03-25 23:38:10'),(6,36,'1996-01-13 14:07:40'),(6,46,'1987-03-17 13:22:28'),(6,56,'2008-08-01 23:52:55'),(6,66,'2021-08-06 07:02:54'),(6,76,'1998-11-29 13:53:21'),(6,86,'1989-11-09 17:54:24'),(6,96,'1979-04-03 01:55:34'),(7,7,'1977-06-21 11:36:20'),(7,17,'1979-03-17 05:38:52'),(7,27,'1979-01-07 14:23:56'),(7,37,'1990-05-04 10:05:36'),(7,47,'1982-08-06 20:30:14'),(7,57,'2009-12-02 23:02:43'),(7,67,'2002-12-15 09:52:13'),(7,77,'2008-12-01 00:17:35'),(7,87,'1992-06-03 12:09:41'),(7,97,'2008-04-05 22:34:50'),(8,8,'2010-04-19 03:09:31'),(8,18,'1981-03-06 08:20:41'),(8,28,'2005-11-24 00:35:26'),(8,38,'1971-11-27 20:37:54'),(8,48,'2004-05-17 16:27:57'),(8,58,'2000-09-08 17:11:55'),(8,68,'1992-01-18 07:21:23'),(8,78,'1998-11-20 01:38:46'),(8,88,'1972-07-12 09:00:24'),(8,98,'1995-11-05 21:06:17'),(9,9,'1977-04-14 18:10:54'),(9,19,'1980-01-02 10:52:33'),(9,29,'2010-04-08 05:01:30'),(9,39,'1984-07-28 23:03:13'),(9,49,'1994-07-31 09:33:08'),(9,59,'1987-01-12 07:51:29'),(9,69,'2020-12-19 13:33:42'),(9,79,'2010-05-07 02:32:57'),(9,89,'1987-05-30 03:46:20'),(9,99,'1983-02-28 19:39:18'),(10,10,'1987-03-15 08:09:29'),(10,20,'2012-09-22 00:18:55'),(10,30,'1998-07-08 18:20:22'),(10,40,'2019-04-26 15:26:49'),(10,50,'1982-06-23 10:56:41'),(10,60,'1977-10-09 00:51:52'),(10,70,'2008-01-04 05:48:03'),(10,80,'1974-09-14 17:11:04'),(10,90,'2002-02-02 07:56:16'),(10,100,'2001-03-09 23:54:54');
/*!40000 ALTER TABLE `communities_users` ENABLE KEYS */;
UNLOCK TABLES;

--
-- Table structure for table `friendship`
--

DROP TABLE IF EXISTS `friendship`;
/*!40101 SET @saved_cs_client     = @@character_set_client */;
/*!50503 SET character_set_client = utf8mb4 */;
CREATE TABLE `friendship` (
  `user_id` int unsigned NOT NULL COMMENT 'Ссылка на пользователя',
  `friend_id` int unsigned NOT NULL COMMENT 'Ссылка на друга пользователя',
  `request_type_id` int unsigned NOT NULL COMMENT 'Ссылка на тип запроса',
  `requested_at` datetime DEFAULT CURRENT_TIMESTAMP COMMENT 'Время отправления приглашения дружить',
  `confirmed_at` datetime DEFAULT NULL COMMENT 'Время подтверждения приглашения',
  `created_at` datetime DEFAULT CURRENT_TIMESTAMP COMMENT 'Время создания строки',
  `updated_at` datetime DEFAULT CURRENT_TIMESTAMP ON UPDATE CURRENT_TIMESTAMP COMMENT 'Время обновления строки',
  PRIMARY KEY (`user_id`,`friend_id`),
  KEY `friendship_request_type_id` (`request_type_id`),
  KEY `friendship_friend_id` (`friend_id`),
  CONSTRAINT `friendship_friend_id` FOREIGN KEY (`friend_id`) REFERENCES `users` (`id`),
  CONSTRAINT `friendship_request_type_id` FOREIGN KEY (`request_type_id`) REFERENCES `friendship_request_types` (`id`),
  CONSTRAINT `friendship_user_id` FOREIGN KEY (`user_id`) REFERENCES `users` (`id`)
) ENGINE=InnoDB DEFAULT CHARSET=utf8mb4 COLLATE=utf8mb4_0900_ai_ci;
/*!40101 SET character_set_client = @saved_cs_client */;

--
-- Dumping data for table `friendship`
--

LOCK TABLES `friendship` WRITE;
/*!40000 ALTER TABLE `friendship` DISABLE KEYS */;
INSERT INTO `friendship` VALUES (1,1,1,'1979-10-12 23:51:25','2004-10-07 00:18:05','2017-03-16 04:17:22','2005-11-30 14:08:07'),(2,2,2,'1978-07-16 18:59:49','2015-02-27 10:31:20','2004-02-20 07:08:32','2012-09-10 01:34:27'),(3,3,3,'1978-04-21 07:41:17','1974-06-19 03:29:29','1973-04-12 01:30:44','1984-07-10 07:11:35'),(4,4,1,'2004-05-17 14:00:41','1975-03-03 06:13:02','1997-10-31 16:55:56','2018-08-24 18:16:07'),(5,5,2,'1988-01-28 17:46:44','1972-06-15 05:38:27','2003-10-07 16:30:23','1983-11-18 16:00:36'),(6,6,3,'1987-09-03 14:26:58','1984-03-22 00:04:26','1997-04-20 02:46:56','1996-11-26 03:26:08'),(7,7,1,'1993-12-07 23:30:21','1990-04-16 12:46:43','1994-09-10 08:50:14','1982-09-19 08:35:39'),(8,8,2,'1985-06-06 22:24:31','1990-01-21 23:04:45','1988-05-27 03:14:25','1988-12-02 12:25:29'),(9,9,3,'1997-06-13 00:04:33','2013-04-23 15:23:37','2018-01-13 10:07:30','1994-01-30 09:05:14'),(10,10,1,'2005-10-16 04:41:18','1984-06-26 19:58:51','2007-08-03 19:19:00','1982-07-22 04:11:04'),(11,11,2,'1983-12-01 02:39:45','1974-05-26 19:48:09','1991-02-06 22:52:54','1978-09-24 23:12:36'),(12,12,3,'1973-01-06 01:23:53','2017-11-23 06:19:25','2021-02-03 01:48:43','2005-05-14 00:47:30'),(13,13,1,'2021-04-27 20:45:21','1976-04-26 16:12:16','2013-07-08 17:02:14','1982-10-19 08:52:00'),(14,14,2,'1979-06-06 16:59:21','2009-07-26 09:02:48','1985-06-22 19:45:32','1982-04-28 10:15:15'),(15,15,3,'1998-02-25 19:41:48','2007-03-12 10:30:48','2013-11-08 22:08:05','1985-01-12 22:15:53'),(16,16,1,'1972-11-24 13:14:16','1999-12-22 04:47:56','1975-04-12 11:26:23','1984-09-22 21:13:51'),(17,17,2,'2004-02-02 05:05:47','2021-02-02 17:36:02','1980-09-22 11:04:47','2000-07-22 17:35:12'),(18,18,3,'2019-08-07 19:54:09','1974-04-27 13:24:45','2018-02-07 02:26:41','2012-06-02 08:53:01'),(19,19,1,'2015-12-19 11:26:36','1975-08-19 19:47:33','1984-08-19 16:42:21','2018-01-23 11:39:04'),(20,20,2,'2001-06-13 07:48:33','1989-04-17 01:33:15','2019-10-09 18:52:30','1985-09-19 06:03:03'),(21,21,3,'2016-09-29 14:46:03','2016-09-10 16:23:23','1974-07-12 05:53:07','2006-06-11 19:35:36'),(22,22,1,'2015-07-04 07:45:32','1970-08-31 17:43:29','1970-11-10 21:02:20','1975-02-04 16:55:33'),(23,23,2,'2018-08-19 22:50:13','2005-06-14 16:45:05','1971-07-21 18:19:05','1995-12-09 11:22:00'),(24,24,3,'1980-01-09 11:57:20','2018-03-28 03:40:01','1972-07-31 08:37:27','1992-04-03 03:12:47'),(25,25,1,'1995-03-29 13:28:12','2000-08-13 11:45:37','2021-09-05 19:09:57','2005-03-11 23:14:26'),(26,26,2,'1986-01-04 01:52:02','1987-12-13 20:16:41','2016-08-08 11:38:35','2005-07-20 08:20:48'),(27,27,3,'2000-10-21 11:34:35','2002-10-18 13:36:31','1991-08-12 02:08:38','1990-05-06 23:04:15'),(28,28,1,'2005-10-12 08:25:01','1994-04-25 14:04:52','2004-05-16 04:59:55','1970-05-09 17:21:55'),(29,29,2,'2015-07-27 03:56:48','1988-07-01 19:37:29','1972-10-09 00:02:26','2014-05-03 16:23:16'),(30,30,3,'1978-03-04 00:48:41','1979-03-21 09:56:37','1980-03-13 13:43:05','1990-12-01 19:41:13'),(31,31,1,'1985-11-23 21:02:56','1973-04-20 21:21:14','1999-03-06 18:40:29','2005-08-20 05:53:39'),(32,32,2,'1978-02-04 12:10:44','1973-06-16 16:41:50','1972-11-14 02:19:11','2020-07-23 11:14:24'),(33,33,3,'2021-06-09 22:05:09','1996-09-22 18:31:14','1974-03-01 00:01:28','1992-04-10 20:10:56'),(34,34,1,'2002-01-04 09:05:49','1997-05-04 15:21:54','1992-06-20 00:10:55','1999-07-10 17:09:50'),(35,35,2,'2010-12-19 07:20:21','1983-10-31 01:08:20','1996-02-24 06:08:54','1972-09-09 06:43:59'),(36,36,3,'1983-10-22 07:17:53','1988-07-15 18:08:06','2014-05-18 02:20:11','1996-08-05 16:47:29'),(37,37,1,'1991-10-21 11:03:33','2018-03-17 08:54:53','2016-11-02 11:53:54','2009-12-13 15:46:18'),(38,38,2,'1974-12-07 07:11:18','1996-07-10 16:36:48','1970-02-05 00:58:40','2018-01-13 08:00:18'),(39,39,3,'1984-07-24 01:06:46','1996-06-10 23:35:08','2000-04-01 02:21:38','1996-05-12 08:56:41'),(40,40,1,'2017-05-26 04:47:06','2018-09-02 10:48:10','1998-08-02 06:28:38','1992-02-01 21:47:44'),(41,41,2,'1980-10-31 10:56:31','1970-07-07 08:57:38','2013-07-23 19:13:09','1989-02-26 18:43:43'),(42,42,3,'2013-05-28 19:28:42','2005-07-06 15:34:06','1990-01-08 14:01:51','1975-01-27 15:44:32'),(43,43,1,'2001-06-06 00:22:19','1977-09-17 14:07:24','1979-01-18 01:30:15','2007-10-24 03:47:16'),(44,44,2,'2014-03-27 16:28:56','1993-08-28 00:59:06','1993-11-11 20:32:42','2018-01-24 09:08:02'),(45,45,3,'2019-04-21 13:59:30','1983-08-30 11:23:04','2018-08-02 19:47:48','1992-07-04 08:02:15'),(46,46,1,'1984-10-13 22:06:00','1980-01-09 04:33:29','1983-01-09 09:12:44','2008-07-13 02:16:19'),(47,47,2,'2014-10-30 13:51:12','2012-07-16 07:34:59','1979-02-22 06:35:36','2009-11-15 23:46:57'),(48,48,3,'1977-02-23 22:47:49','2017-03-18 02:22:02','1989-09-21 14:49:47','1974-09-27 03:55:01'),(49,49,1,'2007-09-04 02:07:00','1996-02-10 12:46:22','2019-07-12 11:09:34','2002-01-02 08:05:55'),(50,50,2,'2007-01-31 01:35:51','1981-07-04 17:01:41','2002-07-16 22:34:25','1972-11-18 06:06:20'),(51,51,3,'1993-11-07 01:33:14','2003-07-29 04:43:34','1976-07-02 06:49:21','1986-10-25 21:30:36'),(52,52,1,'1970-12-18 18:52:25','1981-02-22 17:08:52','2006-02-24 13:50:03','2016-12-29 13:23:41'),(53,53,2,'1970-08-21 12:15:25','2008-01-01 21:55:13','2011-10-12 02:30:28','1998-11-23 02:45:08'),(54,54,3,'1989-03-30 08:37:05','2019-08-18 15:25:49','1988-09-22 19:31:12','1992-03-12 21:56:32'),(55,55,1,'2017-07-22 11:00:28','2021-08-11 04:29:58','2006-02-19 17:43:39','1981-09-10 10:05:47'),(56,56,2,'2016-04-14 04:49:23','1983-09-28 05:40:59','1985-04-20 10:47:12','1995-07-25 02:16:19'),(57,57,3,'2012-11-25 17:53:54','1983-07-01 00:32:22','1992-04-10 16:47:41','1970-12-04 08:31:36'),(58,58,1,'2004-11-12 14:47:02','2005-10-27 02:42:51','1997-06-11 02:51:37','1972-10-08 21:14:14'),(59,59,2,'2020-05-18 16:23:59','2009-11-17 10:18:19','1992-08-08 08:24:15','2009-01-25 06:43:56'),(60,60,3,'2008-12-10 19:05:41','2008-02-26 21:48:06','2021-03-05 04:24:22','2001-12-23 22:29:20'),(61,61,1,'1976-10-09 20:49:51','1985-12-20 14:10:42','2004-04-09 10:02:52','2012-11-22 00:01:36'),(62,62,2,'1993-12-03 00:02:36','2019-10-20 11:41:57','2020-05-07 17:07:09','2020-08-13 10:00:53'),(63,63,3,'1974-03-01 10:31:36','1992-04-02 06:52:16','1988-08-18 06:38:55','2000-05-25 11:28:44'),(64,64,1,'2003-06-13 06:47:13','1983-03-17 15:20:26','1990-05-30 19:25:56','1997-05-06 14:53:46'),(65,65,2,'1974-03-26 01:13:50','2004-11-25 00:54:11','1985-01-26 14:02:17','1981-08-16 04:46:49'),(66,66,3,'2004-03-18 11:42:41','2008-04-27 22:16:07','1996-05-15 07:09:31','1980-12-19 07:06:49'),(67,67,1,'2019-08-07 04:44:56','1983-05-26 14:43:10','2008-08-04 06:32:26','1978-01-10 23:04:08'),(68,68,2,'2006-08-04 00:32:41','1985-08-05 07:28:47','1974-03-27 00:51:12','1970-01-14 08:03:39'),(69,69,3,'1971-08-27 23:20:06','1972-09-11 12:45:12','1992-05-24 18:43:35','1977-09-15 12:59:47'),(70,70,1,'1971-05-02 21:56:48','2020-03-18 12:28:20','1970-11-27 22:49:55','1977-07-05 13:52:18'),(71,71,2,'1986-12-26 16:49:30','1983-09-06 16:22:36','2000-04-21 16:09:40','2012-02-10 14:34:25'),(72,72,3,'2014-03-11 04:35:12','1995-07-27 00:56:36','2012-02-08 15:54:19','1986-11-11 13:06:15'),(73,73,1,'2020-05-06 22:37:14','2006-12-09 11:31:31','2016-09-27 21:40:59','2014-09-24 09:01:52'),(74,74,2,'1980-09-10 21:22:43','2021-06-13 09:43:44','1975-10-22 13:07:18','1999-12-23 13:18:18'),(75,75,3,'1992-10-31 12:57:38','2013-09-10 06:18:36','2008-01-18 03:29:28','2013-12-11 05:37:45'),(76,76,1,'1977-03-29 02:46:45','1995-05-29 20:17:36','2000-07-21 01:28:31','2001-12-17 21:49:06'),(77,77,2,'1977-11-02 18:26:19','2011-09-09 05:04:17','2016-07-21 10:06:32','2014-07-31 09:07:08'),(78,78,3,'2000-08-03 11:11:58','2019-03-30 21:08:27','1994-10-16 14:16:17','1989-01-26 11:55:36'),(79,79,1,'2001-06-16 01:03:18','2000-07-25 10:34:16','1977-11-04 23:13:15','1983-09-18 14:38:35'),(80,80,2,'2012-07-21 16:07:00','1970-09-08 13:56:51','1997-07-02 07:27:15','2001-10-08 10:07:57'),(81,81,3,'1992-10-23 15:23:20','1985-01-29 04:16:52','2001-02-06 14:04:51','2003-04-28 22:47:12'),(82,82,1,'1980-04-09 14:30:15','1996-01-13 20:23:51','1995-07-11 21:34:34','1998-05-13 12:49:14'),(83,83,2,'2000-12-07 05:03:12','2003-04-08 16:32:35','2016-04-17 01:44:23','1996-02-22 23:52:32'),(84,84,3,'1993-03-05 20:01:07','1996-09-15 09:40:09','1972-10-24 19:58:56','2009-01-17 14:32:47'),(85,85,1,'1986-01-30 11:10:53','1973-12-05 23:30:16','2013-09-26 11:40:37','1999-07-25 14:41:16'),(86,86,2,'1986-02-08 02:01:35','1989-08-28 02:08:01','1989-12-26 19:57:50','1974-12-15 01:46:40'),(87,87,3,'1976-09-30 18:39:18','1999-03-22 21:39:34','2021-04-05 08:46:47','1983-09-29 05:52:57'),(88,88,1,'1976-01-19 03:03:09','1989-11-28 06:18:04','2012-01-22 11:40:00','1981-02-03 07:03:05'),(89,89,2,'2017-01-09 15:29:20','2016-08-29 05:12:29','1974-08-13 21:17:13','2011-01-14 05:13:01'),(90,90,3,'1981-11-16 07:41:56','2016-09-06 10:56:44','1970-08-22 08:11:47','2003-10-21 04:05:38'),(91,91,1,'2006-07-06 07:48:01','1998-05-15 20:15:26','1992-01-25 01:05:18','2012-01-27 18:53:59'),(92,92,2,'2013-11-26 04:12:07','2007-04-07 11:15:06','2001-05-14 05:30:37','1986-07-26 13:02:24'),(93,93,3,'2006-06-11 01:09:15','1979-02-24 06:55:28','1990-12-24 02:00:10','1993-10-23 10:20:56'),(94,94,1,'1993-07-11 15:35:22','1976-11-24 14:06:02','2010-07-16 05:03:44','1974-04-14 00:24:37'),(95,95,2,'1977-02-11 12:50:04','2010-11-05 09:07:30','1982-09-12 16:51:50','2013-06-28 22:08:12'),(96,96,3,'2004-09-19 17:33:27','2014-10-31 05:51:11','2016-08-28 02:07:26','2003-01-17 00:24:06'),(97,97,1,'1994-05-31 11:44:30','1975-11-07 07:51:12','1974-05-12 13:38:30','1976-06-10 20:14:10'),(98,98,2,'1998-09-14 00:29:39','1981-01-15 23:00:00','2017-10-14 10:03:49','1998-05-05 11:11:49'),(99,99,3,'2010-02-28 11:28:18','2007-04-16 02:52:32','1998-07-12 02:11:26','1983-06-12 18:47:26'),(100,100,1,'1987-10-24 16:35:24','2001-08-16 20:45:32','2002-06-28 10:31:30','1987-01-11 16:36:45');
/*!40000 ALTER TABLE `friendship` ENABLE KEYS */;
UNLOCK TABLES;

--
-- Table structure for table `friendship_request_types`
--

DROP TABLE IF EXISTS `friendship_request_types`;
/*!40101 SET @saved_cs_client     = @@character_set_client */;
/*!50503 SET character_set_client = utf8mb4 */;
CREATE TABLE `friendship_request_types` (
  `id` int unsigned NOT NULL AUTO_INCREMENT COMMENT 'Идентификатор строки',
  `status_name` varchar(150) NOT NULL COMMENT 'Название статуса',
  `created_at` datetime DEFAULT CURRENT_TIMESTAMP COMMENT 'Время создания строки',
  `updated_at` datetime DEFAULT CURRENT_TIMESTAMP ON UPDATE CURRENT_TIMESTAMP COMMENT 'Время обновления строки',
  PRIMARY KEY (`id`),
  UNIQUE KEY `status_name` (`status_name`)
) ENGINE=InnoDB AUTO_INCREMENT=4 DEFAULT CHARSET=utf8mb4 COLLATE=utf8mb4_0900_ai_ci COMMENT='Типы запроса на дружбы';
/*!40101 SET character_set_client = @saved_cs_client */;

--
-- Dumping data for table `friendship_request_types`
--

LOCK TABLES `friendship_request_types` WRITE;
/*!40000 ALTER TABLE `friendship_request_types` DISABLE KEYS */;
INSERT INTO `friendship_request_types` VALUES (1,'Deserunt repellendus dolores molestiae neque quasi dolorum rem ut. Minus aliquid qui quia ut. Voluptatum et commodi voluptas qui necessitatibus culpa.','1978-01-01 16:25:14','1983-02-19 06:30:46'),(2,'Adipisci dolores sunt dolores asperiores optio magni consectetur. Eos explicabo suscipit eaque animi. Ut minima ratione autem laborum ut est.','1991-10-21 01:21:51','1996-06-19 13:14:38'),(3,'Nobis nostrum perferendis praesentium et. Quis et rerum non debitis est tenetur labore. Enim nam aut non architecto debitis. Ipsam beatae aut ut volup','1989-02-16 05:19:21','2001-01-20 09:09:33');
/*!40000 ALTER TABLE `friendship_request_types` ENABLE KEYS */;
UNLOCK TABLES;

--
-- Table structure for table `likes_to_media`
--

DROP TABLE IF EXISTS `likes_to_media`;
/*!40101 SET @saved_cs_client     = @@character_set_client */;
/*!50503 SET character_set_client = utf8mb4 */;
CREATE TABLE `likes_to_media` (
  `id` int unsigned NOT NULL AUTO_INCREMENT COMMENT 'Идентификатор строки',
  `media_id` int unsigned NOT NULL COMMENT 'Ссылка на медиафайл, которому лайк',
  `like_user_id` int unsigned NOT NULL COMMENT 'Ссылка на пользователя, от которого лайк',
  `created_at` datetime DEFAULT CURRENT_TIMESTAMP COMMENT 'Время создания строки',
  `updated_at` datetime DEFAULT CURRENT_TIMESTAMP ON UPDATE CURRENT_TIMESTAMP COMMENT 'Время обновления строки',
  PRIMARY KEY (`id`),
  KEY `likes_to_media_id` (`media_id`),
  KEY `likes_to_media_users_id` (`like_user_id`),
  CONSTRAINT `likes_to_media_id` FOREIGN KEY (`media_id`) REFERENCES `media` (`id`),
  CONSTRAINT `likes_to_media_users_id` FOREIGN KEY (`like_user_id`) REFERENCES `users` (`id`)
) ENGINE=InnoDB AUTO_INCREMENT=101 DEFAULT CHARSET=utf8mb4 COLLATE=utf8mb4_0900_ai_ci COMMENT='Лайки для медиафайлов';
/*!40101 SET character_set_client = @saved_cs_client */;

--
-- Dumping data for table `likes_to_media`
--

LOCK TABLES `likes_to_media` WRITE;
/*!40000 ALTER TABLE `likes_to_media` DISABLE KEYS */;
/*!40000 ALTER TABLE `likes_to_media` ENABLE KEYS */;
UNLOCK TABLES;

--
-- Table structure for table `likes_to_posts`
--

DROP TABLE IF EXISTS `likes_to_posts`;
/*!40101 SET @saved_cs_client     = @@character_set_client */;
/*!50503 SET character_set_client = utf8mb4 */;
CREATE TABLE `likes_to_posts` (
  `id` int unsigned NOT NULL AUTO_INCREMENT COMMENT 'Идентификатор строки',
  `post_id` int unsigned NOT NULL COMMENT 'Ссылка на медиафайл, которому лайк',
  `like_user_id` int unsigned NOT NULL COMMENT 'Ссылка на пользователя, от которого лайк',
  `created_at` datetime DEFAULT CURRENT_TIMESTAMP COMMENT 'Время создания строки',
  `updated_at` datetime DEFAULT CURRENT_TIMESTAMP ON UPDATE CURRENT_TIMESTAMP COMMENT 'Время обновления строки',
  PRIMARY KEY (`id`),
  KEY `likes_to_post_id` (`post_id`),
  KEY `likes_to_post_users_id` (`like_user_id`),
  CONSTRAINT `likes_to_post_id` FOREIGN KEY (`post_id`) REFERENCES `posts` (`id`),
  CONSTRAINT `likes_to_post_users_id` FOREIGN KEY (`like_user_id`) REFERENCES `users` (`id`)
) ENGINE=InnoDB AUTO_INCREMENT=101 DEFAULT CHARSET=utf8mb4 COLLATE=utf8mb4_0900_ai_ci COMMENT='Лайки для медиафайлов';
/*!40101 SET character_set_client = @saved_cs_client */;

--
-- Dumping data for table `likes_to_posts`
--

LOCK TABLES `likes_to_posts` WRITE;
/*!40000 ALTER TABLE `likes_to_posts` DISABLE KEYS */;
INSERT INTO `likes_to_posts` VALUES (1,1,24,'1974-03-25 23:42:06','2021-09-17 17:05:55'),(2,2,88,'1998-10-09 08:22:24','2021-09-17 17:05:55'),(3,3,66,'1986-02-09 08:59:08','2021-09-17 17:05:55'),(4,4,68,'2001-06-09 18:39:27','2021-09-17 17:05:55'),(5,5,40,'2019-05-20 17:24:50','2021-09-17 17:05:55'),(6,6,96,'1991-03-15 13:35:50','2021-09-17 17:05:55'),(7,7,59,'1994-01-18 21:50:14','2021-09-17 17:05:55'),(8,8,8,'2013-04-25 15:25:14','1988-08-23 15:12:58'),(9,9,60,'2015-08-12 10:43:40','2021-09-17 17:05:55'),(10,10,79,'1997-08-08 17:52:57','2021-09-17 17:05:55'),(11,11,12,'2003-05-01 08:17:44','2021-09-17 17:05:55'),(12,12,23,'1996-05-27 23:18:42','2021-09-17 17:05:55'),(13,13,80,'1985-12-07 12:12:23','2021-09-17 17:05:55'),(14,14,30,'1991-01-07 20:23:19','2021-09-17 17:05:55'),(15,15,9,'2014-05-17 14:55:58','2021-09-17 17:05:55'),(16,16,53,'1981-05-03 15:34:02','2021-09-17 17:05:55'),(17,17,37,'2014-12-26 04:11:35','2021-09-17 17:05:55'),(18,18,27,'1998-10-02 17:45:37','2021-09-17 17:05:55'),(19,19,23,'1978-06-07 06:06:32','2021-09-17 17:05:55'),(20,20,35,'1991-02-05 21:25:58','2021-09-17 17:05:55'),(21,21,6,'2000-07-25 18:53:26','2021-09-17 17:05:55'),(22,22,24,'2013-09-27 09:08:06','2021-09-17 17:05:55'),(23,23,2,'1973-01-23 13:02:39','2021-09-17 17:05:55'),(24,24,39,'2015-09-18 18:59:38','2021-09-17 17:05:55'),(25,25,85,'1991-11-06 15:00:14','2021-09-17 17:05:55'),(26,26,10,'1984-02-12 19:26:26','2021-09-17 17:05:55'),(27,27,92,'2018-06-30 03:59:35','2021-09-17 17:05:55'),(28,28,29,'1996-07-12 07:40:27','2021-09-17 17:05:55'),(29,29,71,'1993-11-04 18:15:55','2021-09-17 17:05:55'),(30,30,66,'2011-03-30 17:27:44','2021-09-17 17:05:55'),(31,31,18,'1994-02-18 13:19:38','2021-09-17 17:05:55'),(32,32,92,'2000-02-11 16:28:28','2021-09-17 17:05:55'),(33,33,6,'2020-08-17 20:34:53','2021-09-17 17:05:55'),(34,34,55,'1991-09-12 01:44:55','2021-09-17 17:05:55'),(35,35,53,'1972-08-22 02:11:00','2021-09-17 17:05:55'),(36,36,2,'1975-12-01 04:54:11','2021-09-17 17:05:55'),(37,37,48,'2010-03-18 09:03:39','2021-09-17 17:05:55'),(38,38,34,'1984-05-05 17:00:04','2021-09-17 17:05:55'),(39,39,26,'1996-12-25 00:45:21','2021-09-17 17:05:55'),(40,40,30,'2010-12-21 12:28:12','2021-09-17 17:05:55'),(41,41,68,'2005-12-20 07:20:52','2021-09-17 17:05:55'),(42,42,50,'1985-11-25 21:31:14','2021-09-17 17:05:55'),(43,43,47,'2005-06-22 21:51:23','2021-09-17 17:05:55'),(44,44,86,'1989-03-09 14:31:21','2021-09-17 17:05:55'),(45,45,86,'2020-05-26 08:24:56','2021-09-17 17:05:55'),(46,46,73,'2004-06-03 05:16:24','2021-09-17 17:05:55'),(47,47,7,'1979-12-25 18:20:32','2021-09-17 17:05:55'),(48,48,13,'1987-03-20 03:42:10','2021-09-17 17:05:55'),(49,49,44,'1971-06-26 20:54:12','2021-09-17 17:05:55'),(50,50,82,'1979-09-27 03:16:33','2021-09-17 17:05:55'),(51,51,75,'1998-02-21 20:57:19','2021-09-17 17:05:55'),(52,52,30,'1985-05-27 04:30:52','2021-09-17 17:05:55'),(53,53,26,'1976-11-03 12:48:44','2021-09-17 17:05:55'),(54,54,37,'2000-10-17 05:08:53','2021-09-17 17:05:55'),(55,55,6,'1987-11-09 20:44:09','2021-09-17 17:05:55'),(56,56,17,'1985-08-12 17:23:12','2021-09-17 17:05:55'),(57,57,70,'2002-04-13 13:06:53','2021-09-17 17:05:55'),(58,58,98,'1987-07-09 14:56:10','2021-09-17 17:05:55'),(59,59,78,'1980-08-02 03:08:55','2021-09-17 17:05:55'),(60,60,98,'1974-03-05 16:11:12','2021-09-17 17:05:55'),(61,61,52,'2016-06-03 18:15:40','2021-09-17 17:05:55'),(62,62,69,'1992-08-01 04:46:05','2021-09-17 17:05:55'),(63,63,86,'2007-10-15 08:19:45','2021-09-17 17:05:55'),(64,64,24,'1978-02-14 23:33:37','2021-09-17 17:05:55'),(65,65,59,'1985-03-21 12:03:19','2021-09-17 17:05:55'),(66,66,24,'2020-07-10 12:06:31','2021-09-17 17:05:55'),(67,67,40,'1984-06-26 07:11:27','2021-09-17 17:05:55'),(68,68,31,'1971-12-13 02:36:24','2021-09-17 17:05:55'),(69,69,34,'1993-11-25 06:20:25','2021-09-17 17:05:55'),(70,70,77,'2001-06-14 14:55:40','2021-09-17 17:05:55'),(71,71,81,'1979-06-02 01:37:09','2021-09-17 17:05:55'),(72,72,73,'1995-07-30 09:15:22','2021-09-17 17:05:55'),(73,73,21,'1971-09-03 23:20:41','2021-09-17 17:05:55'),(74,74,87,'1985-09-20 23:59:25','2021-09-17 17:05:55'),(75,75,71,'1970-08-28 12:02:45','2021-09-17 17:05:55'),(76,76,95,'1995-02-23 20:59:22','2021-09-17 17:05:55'),(77,77,61,'2002-08-31 11:53:42','2021-09-17 17:05:55'),(78,78,17,'1973-01-21 09:35:46','2021-09-17 17:05:55'),(79,79,4,'1986-04-08 05:27:50','2021-09-17 17:05:55'),(80,80,69,'1986-02-18 06:56:31','2021-09-17 17:05:55'),(81,81,30,'2013-04-29 22:53:28','2021-09-17 17:05:55'),(82,82,44,'1984-01-15 12:05:45','2021-09-17 17:05:55'),(83,83,29,'1990-07-06 01:54:45','2021-09-17 17:05:55'),(84,84,11,'2017-02-04 14:29:16','2021-09-17 17:05:55'),(85,85,67,'2014-03-06 12:48:09','2021-09-17 17:05:55'),(86,86,4,'1982-11-17 21:39:05','2021-09-17 17:05:55'),(87,87,19,'2000-01-06 13:17:11','2021-09-17 17:05:55'),(88,88,80,'2015-08-24 08:41:02','2021-09-17 17:05:55'),(89,89,42,'1987-02-21 10:24:55','2021-09-17 17:05:55'),(90,90,71,'1980-08-19 17:16:39','2021-09-17 17:05:55'),(91,91,29,'1983-09-29 09:29:28','2021-09-17 17:05:55'),(92,92,32,'2020-08-23 12:02:33','2021-09-17 17:05:55'),(93,93,70,'1982-11-24 19:04:57','2021-09-17 17:05:55'),(94,94,56,'1980-08-29 11:23:22','2021-09-17 17:05:55'),(95,95,67,'1991-10-26 22:38:06','2021-09-17 17:05:55'),(96,96,67,'1989-11-13 01:26:30','2021-09-17 17:05:55'),(97,97,35,'1970-07-01 10:53:40','2021-09-17 17:05:55'),(98,98,71,'1989-09-17 12:49:16','2021-09-17 17:05:55'),(99,99,50,'1970-08-26 19:13:43','2021-09-17 17:05:55'),(100,100,39,'2013-03-05 05:15:49','2021-09-17 17:05:55');
/*!40000 ALTER TABLE `likes_to_posts` ENABLE KEYS */;
UNLOCK TABLES;

--
-- Table structure for table `likes_to_users`
--

DROP TABLE IF EXISTS `likes_to_users`;
/*!40101 SET @saved_cs_client     = @@character_set_client */;
/*!50503 SET character_set_client = utf8mb4 */;
CREATE TABLE `likes_to_users` (
  `id` int unsigned NOT NULL AUTO_INCREMENT COMMENT 'Идентификатор строки',
  `user_id` int unsigned NOT NULL COMMENT 'Ссылка на пользователя, которому лайк',
  `like_user_id` int unsigned NOT NULL COMMENT 'Ссылка на пользователя, от которого лайк',
  `created_at` datetime DEFAULT CURRENT_TIMESTAMP COMMENT 'Время создания строки',
  `updated_at` datetime DEFAULT CURRENT_TIMESTAMP ON UPDATE CURRENT_TIMESTAMP COMMENT 'Время обновления строки',
  PRIMARY KEY (`id`),
  KEY `likes_to_users_id` (`user_id`),
  KEY `likes_to_users_like_users_id` (`like_user_id`),
  CONSTRAINT `likes_to_users_id` FOREIGN KEY (`user_id`) REFERENCES `users` (`id`),
  CONSTRAINT `likes_to_users_like_users_id` FOREIGN KEY (`like_user_id`) REFERENCES `users` (`id`)
) ENGINE=InnoDB AUTO_INCREMENT=101 DEFAULT CHARSET=utf8mb4 COLLATE=utf8mb4_0900_ai_ci COMMENT='Лайки для пользователей';
/*!40101 SET character_set_client = @saved_cs_client */;

--
-- Dumping data for table `likes_to_users`
--

LOCK TABLES `likes_to_users` WRITE;
/*!40000 ALTER TABLE `likes_to_users` DISABLE KEYS */;
INSERT INTO `likes_to_users` VALUES (1,1,36,'2002-01-22 18:32:08','2021-09-17 17:03:02'),(2,2,83,'2005-08-13 00:54:54','2021-09-17 17:03:02'),(3,3,7,'2018-02-27 22:06:48','2021-09-17 17:03:02'),(4,4,85,'1988-01-22 06:10:51','2021-09-17 17:03:02'),(5,5,5,'1983-07-12 13:41:50','1977-06-20 20:07:05'),(6,6,69,'1990-01-18 06:54:06','2021-09-17 17:03:02'),(7,7,31,'1980-02-17 10:08:18','2021-09-17 17:03:02'),(8,8,45,'1979-02-06 11:06:05','2021-09-17 17:03:02'),(9,9,31,'1991-12-31 03:53:42','2021-09-17 17:03:02'),(10,10,19,'2004-03-13 22:20:11','2021-09-17 17:03:02'),(11,11,4,'1976-09-13 00:00:53','2021-09-17 17:03:02'),(12,12,63,'2013-05-21 04:13:22','2021-09-17 17:03:02'),(13,13,3,'1993-07-18 09:10:42','2021-09-17 17:03:02'),(14,14,24,'2004-06-24 08:20:55','2021-09-17 17:03:02'),(15,15,10,'2001-01-01 16:13:08','2021-09-17 17:03:02'),(16,16,76,'1986-03-22 09:41:18','2021-09-17 17:03:02'),(17,17,51,'1985-03-26 05:03:17','2021-09-17 17:03:02'),(18,18,28,'1988-12-09 08:27:50','2021-09-17 17:03:02'),(19,19,85,'2011-08-13 04:27:41','2021-09-17 17:03:02'),(20,20,43,'2007-04-30 01:34:13','2021-09-17 17:03:02'),(21,21,57,'1993-08-09 10:18:09','2021-09-17 17:03:02'),(22,22,56,'1995-01-10 07:54:32','2021-09-17 17:03:02'),(23,23,9,'1995-12-19 18:33:53','2021-09-17 17:03:02'),(24,24,75,'2006-01-12 22:20:54','2021-09-17 17:03:02'),(25,25,49,'1996-03-02 20:36:28','2021-09-17 17:03:02'),(26,26,20,'1990-09-29 10:40:09','2021-09-17 17:03:02'),(27,27,50,'1988-07-20 06:10:07','2021-09-17 17:03:02'),(28,28,93,'2002-04-07 02:28:05','2021-09-17 17:03:02'),(29,29,11,'1990-01-15 02:40:40','2021-09-17 17:03:02'),(30,30,76,'1995-04-22 07:29:28','2021-09-17 17:03:02'),(31,31,49,'2020-10-29 14:30:43','2021-09-17 17:03:02'),(32,32,16,'2008-12-25 09:27:07','2021-09-17 17:03:02'),(33,33,31,'2003-12-28 23:58:27','2021-09-17 17:03:02'),(34,34,8,'2020-05-25 20:58:10','2021-09-17 17:03:02'),(35,35,45,'2008-02-06 07:41:42','2021-09-17 17:03:02'),(36,36,2,'2015-11-07 11:30:58','2021-09-17 17:03:02'),(37,37,72,'2013-11-24 01:03:20','2021-09-17 17:03:02'),(38,38,55,'2007-09-01 17:20:14','2021-09-17 17:03:02'),(39,39,58,'2000-05-21 23:17:14','2021-09-17 17:03:02'),(40,40,26,'2003-12-04 11:22:22','2021-09-17 17:03:02'),(41,41,56,'1986-08-02 14:29:46','2021-09-17 17:03:02'),(42,42,98,'1978-01-12 18:24:49','2021-09-17 17:03:02'),(43,43,25,'2019-06-06 06:24:45','2021-09-17 17:03:02'),(44,44,30,'1990-07-04 17:59:19','2021-09-17 17:03:02'),(45,45,73,'1977-03-20 15:12:24','2021-09-17 17:03:02'),(46,46,76,'2011-04-20 03:18:46','2021-09-17 17:03:02'),(47,47,61,'1977-07-05 21:27:00','2021-09-17 17:03:02'),(48,48,76,'2016-09-06 09:09:10','2021-09-17 17:03:02'),(49,49,98,'1989-12-26 09:40:53','2021-09-17 17:03:02'),(50,50,59,'1994-04-21 16:58:40','2021-09-17 17:03:02'),(51,51,99,'1979-08-25 05:44:55','2021-09-17 17:03:02'),(52,52,21,'1977-06-05 01:23:50','2021-09-17 17:03:02'),(53,53,7,'1977-01-03 18:08:04','2021-09-17 17:03:02'),(54,54,71,'1997-09-16 13:55:20','2021-09-17 17:03:02'),(55,55,34,'1981-06-22 10:30:12','2021-09-17 17:03:02'),(56,56,56,'1978-07-21 05:24:35','2015-01-04 21:35:44'),(57,57,76,'2002-02-08 04:14:55','2021-09-17 17:03:02'),(58,58,11,'2004-05-17 12:46:13','2021-09-17 17:03:02'),(59,59,30,'1981-02-23 22:30:39','2021-09-17 17:03:02'),(60,60,13,'1970-03-11 06:50:39','2021-09-17 17:03:02'),(61,61,76,'1971-01-03 07:21:44','2021-09-17 17:03:02'),(62,62,39,'1985-07-19 21:15:25','2021-09-17 17:03:02'),(63,63,66,'2018-07-30 13:45:39','2021-09-17 17:03:02'),(64,64,13,'1996-09-02 23:27:11','2021-09-17 17:03:02'),(65,65,66,'2006-12-30 02:45:13','2021-09-17 17:03:02'),(66,66,91,'2006-09-29 20:44:00','2021-09-17 17:03:02'),(67,67,56,'1990-06-29 13:26:35','2021-09-17 17:03:02'),(68,68,9,'1999-12-23 18:12:16','2021-09-17 17:03:02'),(69,69,74,'1991-12-28 16:50:06','2021-09-17 17:03:02'),(70,70,43,'2009-04-11 19:56:31','2021-09-17 17:03:02'),(71,71,92,'2020-05-22 22:18:47','2021-09-17 17:03:02'),(72,72,32,'2009-01-09 06:20:38','2021-09-17 17:03:02'),(73,73,83,'1983-01-25 05:08:46','2021-09-17 17:03:02'),(74,74,20,'1980-07-25 00:01:29','2021-09-17 17:03:02'),(75,75,49,'1988-04-27 22:56:16','2021-09-17 17:03:02'),(76,76,84,'1973-04-09 14:27:52','2021-09-17 17:03:02'),(77,77,75,'1990-12-10 02:02:30','2021-09-17 17:03:02'),(78,78,19,'1981-07-24 02:57:16','2021-09-17 17:03:02'),(79,79,72,'1983-12-05 11:23:51','2021-09-17 17:03:02'),(80,80,1,'1994-01-01 22:25:53','2021-09-17 17:03:02'),(81,81,87,'1983-11-11 21:41:59','2021-09-17 17:03:02'),(82,82,34,'1993-04-25 23:45:37','2021-09-17 17:03:02'),(83,83,7,'1990-08-14 22:00:19','2021-09-17 17:03:02'),(84,84,35,'1998-11-05 09:38:28','2021-09-17 17:03:02'),(85,85,53,'1988-05-21 16:12:38','2021-09-17 17:03:02'),(86,86,58,'1997-01-13 19:26:51','2021-09-17 17:03:02'),(87,87,31,'1987-01-02 02:07:06','2021-09-17 17:03:02'),(88,88,80,'1988-06-24 09:34:05','2021-09-17 17:03:02'),(89,89,7,'1997-05-25 21:35:28','2021-09-17 17:03:02'),(90,90,96,'2013-02-27 21:24:47','2021-09-17 17:03:02'),(91,91,58,'2017-04-19 17:08:00','2021-09-17 17:03:02'),(92,92,100,'1971-12-05 20:08:53','2021-09-17 17:03:02'),(93,93,26,'1982-05-06 15:22:29','2021-09-17 17:03:02'),(94,94,31,'2002-07-13 11:32:30','2021-09-17 17:03:02'),(95,95,74,'2019-03-30 23:09:29','2021-09-17 17:03:02'),(96,96,80,'1992-09-15 14:16:00','2021-09-17 17:03:02'),(97,97,75,'1982-06-02 18:14:51','2021-09-17 17:03:02'),(98,98,33,'2017-12-07 19:28:31','2021-09-17 17:03:02'),(99,99,42,'1997-06-11 13:04:34','2021-09-17 17:03:02'),(100,100,10,'2014-11-01 03:09:18','2021-09-17 17:03:02');
/*!40000 ALTER TABLE `likes_to_users` ENABLE KEYS */;
UNLOCK TABLES;

--
-- Table structure for table `media`
--

DROP TABLE IF EXISTS `media`;
/*!40101 SET @saved_cs_client     = @@character_set_client */;
/*!50503 SET character_set_client = utf8mb4 */;
CREATE TABLE `media` (
  `id` int unsigned NOT NULL AUTO_INCREMENT COMMENT 'Идентификатор строки',
  `media_user_id` int unsigned NOT NULL COMMENT 'Ссылка на владельца медиа файла',
  `filename` varchar(255) NOT NULL COMMENT 'Путь к файлу',
  `media_type_id` int unsigned NOT NULL COMMENT 'Ссылка на тип файла',
  `metadata` json NOT NULL COMMENT 'Метаданные файла',
  `size` int NOT NULL COMMENT 'Размер файла',
  `created_at` datetime DEFAULT CURRENT_TIMESTAMP COMMENT 'Время создания строки',
  `updated_at` datetime DEFAULT CURRENT_TIMESTAMP ON UPDATE CURRENT_TIMESTAMP COMMENT 'Время обновления строки',
  PRIMARY KEY (`id`),
  UNIQUE KEY `filename` (`filename`),
  KEY `media_users_id` (`media_user_id`),
  KEY `media_media_type_id` (`media_type_id`),
  CONSTRAINT `media_media_type_id` FOREIGN KEY (`media_type_id`) REFERENCES `media_types` (`id`),
  CONSTRAINT `media_users_id` FOREIGN KEY (`media_user_id`) REFERENCES `users` (`id`)
) ENGINE=InnoDB AUTO_INCREMENT=101 DEFAULT CHARSET=utf8mb4 COLLATE=utf8mb4_0900_ai_ci COMMENT='Медиафайлы';
/*!40101 SET character_set_client = @saved_cs_client */;

--
-- Dumping data for table `media`
--

LOCK TABLES `media` WRITE;
/*!40000 ALTER TABLE `media` DISABLE KEYS */;
INSERT INTO `media` VALUES (1,1,'https://someserver.com/somedirectory/in.wav',1,'{\"duration\": 43574, \"extention\": \"wav\"}',0,'2014-08-12 03:56:26','2021-09-16 22:50:54'),(2,2,'https://someserver.com/somedirectory/nulla.avi',2,'{\"extention\": \"avi\", \"resolution\": \"629x2675\"}',838,'1993-06-18 11:35:46','2021-09-16 23:08:46'),(3,3,'https://someserver.com/somedirectory/nam.png',3,'{\"extention\": \"png\", \"resolution\": \"807x784\"}',85971,'1990-05-06 08:15:59','2021-09-16 23:03:23'),(4,4,'https://someserver.com/somedirectory/harum.wav',1,'{\"duration\": 67429, \"extention\": \"wav\"}',915118,'1993-11-21 15:28:07','2021-09-16 22:50:54'),(5,5,'https://someserver.com/somedirectory/quia.avi',2,'{\"extention\": \"avi\", \"resolution\": \"2489x1418\"}',3572,'2009-12-20 16:29:05','2021-09-16 23:08:46'),(6,6,'https://someserver.com/somedirectory/et.png',3,'{\"extention\": \"png\", \"resolution\": \"498x137\"}',97877530,'1986-05-02 14:44:39','2021-09-16 23:03:23'),(7,7,'https://someserver.com/somedirectory/omnis.wav',1,'{\"duration\": 6423, \"extention\": \"wav\"}',722708,'2015-12-19 01:01:16','2021-09-16 22:50:54'),(8,8,'https://someserver.com/somedirectory/magnam.avi',2,'{\"extention\": \"avi\", \"resolution\": \"2622x2857\"}',170,'1997-10-27 13:07:39','2021-09-16 23:08:46'),(9,9,'https://someserver.com/somedirectory/nobis.png',3,'{\"extention\": \"png\", \"resolution\": \"193x551\"}',3,'1979-12-25 15:56:56','2021-09-16 23:03:23'),(10,10,'https://someserver.com/somedirectory/sed.wav',1,'{\"duration\": 29827, \"extention\": \"wav\"}',920,'1972-11-06 13:08:19','2021-09-16 22:50:54'),(11,11,'https://someserver.com/somedirectory/non.avi',2,'{\"extention\": \"avi\", \"resolution\": \"418x2517\"}',1205891,'1996-05-04 01:53:46','2021-09-16 23:08:46'),(12,12,'https://someserver.com/somedirectory/corporis.png',3,'{\"extention\": \"png\", \"resolution\": \"174x219\"}',564,'1991-12-09 00:30:54','2021-09-16 23:03:23'),(13,13,'https://someserver.com/somedirectory/itaque.wav',1,'{\"duration\": 29864, \"extention\": \"wav\"}',0,'1992-11-04 23:21:41','2021-09-16 22:50:54'),(14,14,'https://someserver.com/somedirectory/repudiandae.avi',2,'{\"extention\": \"avi\", \"resolution\": \"2332x1108\"}',83185,'1997-08-08 13:46:00','2021-09-16 23:08:46'),(15,15,'https://someserver.com/somedirectory/eius.png',3,'{\"extention\": \"png\", \"resolution\": \"571x199\"}',33628,'1984-07-08 00:33:27','2021-09-16 23:03:23'),(16,16,'https://someserver.com/somedirectory/occaecati.wav',1,'{\"duration\": 59837, \"extention\": \"wav\"}',2,'2014-05-12 07:49:16','2021-09-16 22:50:54'),(17,17,'https://someserver.com/somedirectory/vel.avi',2,'{\"extention\": \"avi\", \"resolution\": \"1542x1387\"}',657011,'2020-11-18 04:32:13','2021-09-16 23:08:46'),(18,18,'https://someserver.com/somedirectory/molestias.png',3,'{\"extention\": \"png\", \"resolution\": \"281x808\"}',541,'1988-09-19 19:31:52','2021-09-16 23:03:23'),(19,19,'https://someserver.com/somedirectory/voluptatem.wav',1,'{\"duration\": 9596, \"extention\": \"wav\"}',290329,'2021-07-29 23:24:01','2021-09-16 22:50:54'),(20,20,'https://someserver.com/somedirectory/cupiditate.avi',2,'{\"extention\": \"avi\", \"resolution\": \"2307x1375\"}',4,'2010-06-11 15:06:56','2021-09-16 23:08:46'),(21,21,'https://someserver.com/somedirectory/at.png',3,'{\"extention\": \"png\", \"resolution\": \"198x563\"}',68234,'2007-07-18 00:53:08','2021-09-16 23:03:23'),(22,22,'https://someserver.com/somedirectory/sapiente.wav',1,'{\"duration\": 68468, \"extention\": \"wav\"}',660,'2002-01-10 02:48:23','2021-09-16 22:50:54'),(23,23,'https://someserver.com/somedirectory/quod.avi',2,'{\"extention\": \"avi\", \"resolution\": \"2955x1646\"}',932,'1990-05-08 23:17:39','2021-09-16 23:08:46'),(24,24,'https://someserver.com/somedirectory/ipsa.png',3,'{\"extention\": \"png\", \"resolution\": \"220x411\"}',541530171,'2020-12-19 13:34:25','2021-09-16 23:03:23'),(25,25,'https://someserver.com/somedirectory/cum.wav',1,'{\"duration\": 13551, \"extention\": \"wav\"}',6612456,'2004-10-12 12:04:08','2021-09-16 22:50:54'),(26,26,'https://someserver.com/somedirectory/totam.avi',2,'{\"extention\": \"avi\", \"resolution\": \"2368x899\"}',4699704,'2003-12-07 14:58:57','2021-09-16 23:08:46'),(27,27,'https://someserver.com/somedirectory/iste.png',3,'{\"extention\": \"png\", \"resolution\": \"396x744\"}',3,'1993-03-19 22:45:19','2021-09-16 23:03:23'),(28,28,'https://someserver.com/somedirectory/ut.wav',1,'{\"duration\": 62349, \"extention\": \"wav\"}',825791,'2019-03-05 18:49:14','2021-09-16 22:50:54'),(29,29,'https://someserver.com/somedirectory/rerum.avi',2,'{\"extention\": \"avi\", \"resolution\": \"389x2250\"}',3,'2017-04-12 12:26:10','2021-09-16 23:08:46'),(30,30,'https://someserver.com/somedirectory/aliquam.png',3,'{\"extention\": \"png\", \"resolution\": \"534x436\"}',18325936,'1993-03-05 21:11:34','2021-09-16 23:03:23'),(31,31,'https://someserver.com/somedirectory/dolores.wav',1,'{\"duration\": 71091, \"extention\": \"wav\"}',668641883,'2001-12-29 19:07:44','2021-09-16 22:50:54'),(32,32,'https://someserver.com/somedirectory/nihil.avi',2,'{\"extention\": \"avi\", \"resolution\": \"1084x1666\"}',916729,'2010-07-26 09:44:46','2021-09-16 23:08:46'),(33,33,'https://someserver.com/somedirectory/ducimus.png',3,'{\"extention\": \"png\", \"resolution\": \"579x584\"}',0,'1981-12-18 23:54:02','2021-09-16 23:03:23'),(34,34,'https://someserver.com/somedirectory/officiis.wav',1,'{\"duration\": 68410, \"extention\": \"wav\"}',943,'1982-08-21 16:24:55','2021-09-16 22:50:54'),(35,35,'https://someserver.com/somedirectory/enim.avi',2,'{\"extention\": \"avi\", \"resolution\": \"2078x2393\"}',12,'1983-05-01 01:37:27','2021-09-16 23:08:46'),(36,36,'https://someserver.com/somedirectory/id.png',3,'{\"extention\": \"png\", \"resolution\": \"183x161\"}',7250466,'1975-03-26 03:39:31','2021-09-16 23:03:23'),(37,37,'https://someserver.com/somedirectory/sunt.wav',1,'{\"duration\": 28774, \"extention\": \"wav\"}',890911,'2005-05-05 13:05:03','2021-09-16 22:50:54'),(38,38,'https://someserver.com/somedirectory/aut.avi',2,'{\"extention\": \"avi\", \"resolution\": \"2732x478\"}',611199,'2016-08-26 14:20:48','2021-09-16 23:08:46'),(39,39,'https://someserver.com/somedirectory/maxime.png',3,'{\"extention\": \"png\", \"resolution\": \"258x804\"}',674,'2010-05-16 01:19:02','2021-09-16 23:03:23'),(40,40,'https://someserver.com/somedirectory/perferendis.wav',1,'{\"duration\": 38642, \"extention\": \"wav\"}',824903216,'1982-04-22 13:13:07','2021-09-16 22:50:54'),(41,41,'https://someserver.com/somedirectory/aspernatur.avi',2,'{\"extention\": \"avi\", \"resolution\": \"195x2541\"}',70496559,'1985-03-05 06:12:50','2021-09-16 23:08:46'),(42,42,'https://someserver.com/somedirectory/atque.png',3,'{\"extention\": \"png\", \"resolution\": \"246x820\"}',0,'1989-04-28 23:54:25','2021-09-16 23:03:23'),(43,43,'https://someserver.com/somedirectory/accusantium.wav',1,'{\"duration\": 6888, \"extention\": \"wav\"}',33049631,'1987-05-17 04:00:32','2021-09-16 22:50:54'),(44,44,'https://someserver.com/somedirectory/tempore.avi',2,'{\"extention\": \"avi\", \"resolution\": \"120x1976\"}',9930,'2015-04-06 06:26:38','2021-09-16 23:08:46'),(45,45,'https://someserver.com/somedirectory/repellendus.png',3,'{\"extention\": \"png\", \"resolution\": \"360x339\"}',81395,'1999-09-12 14:57:06','2021-09-16 23:03:23'),(46,46,'https://someserver.com/somedirectory/assumenda.wav',1,'{\"duration\": 18513, \"extention\": \"wav\"}',1124295,'1974-05-31 23:50:58','2021-09-16 22:50:54'),(47,47,'https://someserver.com/somedirectory/natus.avi',2,'{\"extention\": \"avi\", \"resolution\": \"520x2672\"}',7025,'1991-04-18 15:55:27','2021-09-16 23:08:46'),(48,48,'https://someserver.com/somedirectory/reprehenderit.png',3,'{\"extention\": \"png\", \"resolution\": \"616x63\"}',0,'1991-08-04 22:58:17','2021-09-16 23:03:23'),(49,49,'https://someserver.com/somedirectory/velit.wav',1,'{\"duration\": 71901, \"extention\": \"wav\"}',5530,'2004-10-01 09:49:56','2021-09-16 22:50:54'),(50,50,'https://someserver.com/somedirectory/eaque.avi',2,'{\"extention\": \"avi\", \"resolution\": \"2798x2975\"}',100310352,'1992-11-27 03:01:28','2021-09-16 23:08:46'),(51,51,'https://someserver.com/somedirectory/est.png',3,'{\"extention\": \"png\", \"resolution\": \"466x140\"}',6,'2001-04-25 06:10:02','2021-09-16 23:03:23'),(52,52,'https://someserver.com/somedirectory/quaerat.wav',1,'{\"duration\": 3966, \"extention\": \"wav\"}',6,'1982-09-27 01:08:47','2021-09-16 22:50:54'),(53,53,'https://someserver.com/somedirectory/voluptas.avi',2,'{\"extention\": \"avi\", \"resolution\": \"479x2468\"}',2864725,'1992-08-24 03:20:57','2021-09-16 23:08:46'),(54,54,'https://someserver.com/somedirectory/laboriosam.png',3,'{\"extention\": \"png\", \"resolution\": \"302x90\"}',509020294,'1978-12-17 11:20:52','2021-09-16 23:03:23'),(55,55,'https://someserver.com/somedirectory/dolorum.wav',1,'{\"duration\": 4127, \"extention\": \"wav\"}',59816,'1985-05-18 06:29:59','2021-09-16 22:50:54'),(56,56,'https://someserver.com/somedirectory/aliquid.avi',2,'{\"extention\": \"avi\", \"resolution\": \"1905x2120\"}',78,'2013-12-19 02:25:11','2021-09-16 23:08:46'),(57,57,'https://someserver.com/somedirectory/esse.png',3,'{\"extention\": \"png\", \"resolution\": \"544x450\"}',985032283,'1990-02-10 12:13:33','2021-09-16 23:03:23'),(58,58,'https://someserver.com/somedirectory/sequi.wav',1,'{\"duration\": 8736, \"extention\": \"wav\"}',414736001,'2005-08-22 05:24:53','2021-09-16 22:50:54'),(59,59,'https://someserver.com/somedirectory/sit.avi',2,'{\"extention\": \"avi\", \"resolution\": \"1885x64\"}',94,'1990-05-08 21:14:45','2021-09-16 23:08:46'),(60,60,'https://someserver.com/somedirectory/adipisci.png',3,'{\"extention\": \"png\", \"resolution\": \"616x731\"}',72028,'2020-01-12 01:05:27','2021-09-16 23:03:23'),(61,61,'https://someserver.com/somedirectory/hic.wav',1,'{\"duration\": 31299, \"extention\": \"wav\"}',741,'2007-02-10 05:26:24','2021-09-16 22:50:54'),(62,62,'https://someserver.com/somedirectory/fugiat.avi',2,'{\"extention\": \"avi\", \"resolution\": \"666x135\"}',3,'2020-08-30 11:33:23','2021-09-16 23:08:46'),(63,63,'https://someserver.com/somedirectory/qui.png',3,'{\"extention\": \"png\", \"resolution\": \"807x840\"}',481778,'2014-09-11 14:39:26','2021-09-16 23:03:23'),(64,64,'https://someserver.com/somedirectory/fugit.wav',1,'{\"duration\": 30286, \"extention\": \"wav\"}',407926,'1998-05-23 23:26:09','2021-09-16 22:50:54'),(65,65,'https://someserver.com/somedirectory/veniam.avi',2,'{\"extention\": \"avi\", \"resolution\": \"1676x1977\"}',1498083,'1976-04-09 14:43:32','2021-09-16 23:08:46'),(66,66,'https://someserver.com/somedirectory/dignissimos.png',3,'{\"extention\": \"png\", \"resolution\": \"778x369\"}',455638027,'1974-04-12 22:57:08','2021-09-16 23:03:23'),(67,67,'https://someserver.com/somedirectory/quas.wav',1,'{\"duration\": 57534, \"extention\": \"wav\"}',0,'1978-02-03 09:04:17','2021-09-16 22:50:54'),(68,68,'https://someserver.com/somedirectory/similique.avi',2,'{\"extention\": \"avi\", \"resolution\": \"1855x344\"}',5581676,'2019-01-18 06:14:57','2021-09-16 23:08:46'),(69,69,'https://someserver.com/somedirectory/saepe.png',3,'{\"extention\": \"png\", \"resolution\": \"513x457\"}',26760,'2004-12-06 20:09:31','2021-09-16 23:03:23'),(70,70,'https://someserver.com/somedirectory/quae.wav',1,'{\"duration\": 96809, \"extention\": \"wav\"}',0,'1996-04-17 16:09:11','2021-09-16 22:50:54'),(71,71,'https://someserver.com/somedirectory/vero.avi',2,'{\"extention\": \"avi\", \"resolution\": \"2153x732\"}',94870,'1986-06-16 07:20:01','2021-09-16 23:08:46'),(72,72,'https://someserver.com/somedirectory/architecto.png',3,'{\"extention\": \"png\", \"resolution\": \"747x361\"}',29195,'1991-02-24 05:07:07','2021-09-16 23:03:23'),(73,73,'https://someserver.com/somedirectory/optio.wav',1,'{\"duration\": 11443, \"extention\": \"wav\"}',659751383,'1989-09-03 19:08:16','2021-09-16 22:50:54'),(74,74,'https://someserver.com/somedirectory/dolore.avi',2,'{\"extention\": \"avi\", \"resolution\": \"200x1807\"}',643,'1983-06-09 13:35:23','2021-09-16 23:08:46'),(75,75,'https://someserver.com/somedirectory/eos.png',3,'{\"extention\": \"png\", \"resolution\": \"566x745\"}',67068,'2006-05-28 08:13:37','2021-09-16 23:03:23'),(76,76,'https://someserver.com/somedirectory/deserunt.wav',1,'{\"duration\": 66787, \"extention\": \"wav\"}',89,'1996-02-16 20:04:10','2021-09-16 22:50:54'),(77,77,'https://someserver.com/somedirectory/quos.avi',2,'{\"extention\": \"avi\", \"resolution\": \"2431x736\"}',0,'1980-12-21 11:23:24','2021-09-16 23:08:46'),(78,78,'https://someserver.com/somedirectory/cumque.png',3,'{\"extention\": \"png\", \"resolution\": \"25x889\"}',66094053,'1991-10-25 13:02:33','2021-09-16 23:03:23'),(79,79,'https://someserver.com/somedirectory/nostrum.wav',1,'{\"duration\": 99608, \"extention\": \"wav\"}',30593,'2007-02-19 02:46:59','2021-09-16 22:50:54'),(80,80,'https://someserver.com/somedirectory/eum.avi',2,'{\"extention\": \"avi\", \"resolution\": \"2386x721\"}',45,'2011-08-28 19:09:50','2021-09-16 23:08:46'),(81,81,'https://someserver.com/somedirectory/provident.png',3,'{\"extention\": \"png\", \"resolution\": \"372x192\"}',92317,'1975-06-04 11:20:20','2021-09-16 23:03:23'),(82,82,'https://someserver.com/somedirectory/error.wav',1,'{\"duration\": 97677, \"extention\": \"wav\"}',3846317,'1990-02-23 05:57:23','2021-09-16 22:50:54'),(83,83,'https://someserver.com/somedirectory/nesciunt.avi',2,'{\"extention\": \"avi\", \"resolution\": \"2447x1070\"}',289163645,'1999-01-18 21:00:49','2021-09-16 23:08:46'),(84,84,'https://someserver.com/somedirectory/voluptatibus.png',3,'{\"extention\": \"png\", \"resolution\": \"841x631\"}',586,'1997-12-23 19:54:56','2021-09-16 23:03:23'),(85,85,'https://someserver.com/somedirectory/quis.wav',1,'{\"duration\": 89561, \"extention\": \"wav\"}',111146338,'1975-09-13 09:03:27','2021-09-16 22:50:54'),(86,86,'https://someserver.com/somedirectory/earum.avi',2,'{\"extention\": \"avi\", \"resolution\": \"1009x1836\"}',73848895,'1992-02-23 10:05:10','2021-09-16 23:08:46'),(87,87,'https://someserver.com/somedirectory/voluptates.png',3,'{\"extention\": \"png\", \"resolution\": \"629x253\"}',12910903,'1995-02-07 16:22:45','2021-09-16 23:03:23'),(88,88,'https://someserver.com/somedirectory/sint.wav',1,'{\"duration\": 54774, \"extention\": \"wav\"}',3,'2002-12-14 06:32:48','2021-09-16 22:50:54'),(89,89,'https://someserver.com/somedirectory/quo.avi',2,'{\"extention\": \"avi\", \"resolution\": \"153x1255\"}',27069028,'1983-09-05 02:53:35','2021-09-16 23:08:46'),(90,90,'https://someserver.com/somedirectory/dicta.png',3,'{\"extention\": \"png\", \"resolution\": \"377x127\"}',1,'1986-06-20 21:54:47','2021-09-16 23:03:23'),(91,91,'https://someserver.com/somedirectory/tenetur.wav',1,'{\"duration\": 5184, \"extention\": \"wav\"}',4723,'1980-07-08 14:46:39','2021-09-16 22:50:54'),(92,92,'https://someserver.com/somedirectory/voluptatum.avi',2,'{\"extention\": \"avi\", \"resolution\": \"2817x1320\"}',8,'2005-09-29 16:45:30','2021-09-16 23:08:46'),(93,93,'https://someserver.com/somedirectory/deleniti.png',3,'{\"extention\": \"png\", \"resolution\": \"504x138\"}',50246,'1977-10-05 05:48:57','2021-09-16 23:03:23'),(94,94,'https://someserver.com/somedirectory/praesentium.wav',1,'{\"duration\": 61599, \"extention\": \"wav\"}',9,'1983-01-09 09:27:28','2021-09-16 22:50:54'),(95,95,'https://someserver.com/somedirectory/perspiciatis.avi',2,'{\"extention\": \"avi\", \"resolution\": \"1147x1775\"}',30219,'1986-07-10 19:30:57','2021-09-16 23:08:46'),(96,96,'https://someserver.com/somedirectory/officia.png',3,'{\"extention\": \"png\", \"resolution\": \"179x478\"}',56934,'2020-11-09 09:42:54','2021-09-16 23:03:23'),(97,97,'https://someserver.com/somedirectory/numquam.wav',1,'{\"duration\": 92444, \"extention\": \"wav\"}',702,'1988-10-29 18:26:53','2021-09-16 22:50:54'),(98,98,'https://someserver.com/somedirectory/autem.avi',2,'{\"extention\": \"avi\", \"resolution\": \"2435x850\"}',7307,'1980-07-17 15:50:42','2021-09-16 23:08:46'),(99,99,'https://someserver.com/somedirectory/debitis.png',3,'{\"extention\": \"png\", \"resolution\": \"852x826\"}',3041854,'1991-09-11 23:08:06','2021-09-16 23:03:23'),(100,100,'https://someserver.com/somedirectory/ratione.wav',1,'{\"duration\": 77422, \"extention\": \"wav\"}',8323862,'1977-08-16 04:12:31','2021-09-16 22:50:54');
/*!40000 ALTER TABLE `media` ENABLE KEYS */;
UNLOCK TABLES;

--
-- Table structure for table `media_types`
--

DROP TABLE IF EXISTS `media_types`;
/*!40101 SET @saved_cs_client     = @@character_set_client */;
/*!50503 SET character_set_client = utf8mb4 */;
CREATE TABLE `media_types` (
  `id` int unsigned NOT NULL AUTO_INCREMENT COMMENT 'Идентификатор строки',
  `med_name` varchar(255) NOT NULL COMMENT 'Название типа',
  `created_at` datetime DEFAULT CURRENT_TIMESTAMP COMMENT 'Время создания строки',
  `updated_at` datetime DEFAULT CURRENT_TIMESTAMP ON UPDATE CURRENT_TIMESTAMP COMMENT 'Время обновления строки',
  PRIMARY KEY (`id`),
  UNIQUE KEY `med_name` (`med_name`)
) ENGINE=InnoDB AUTO_INCREMENT=5 DEFAULT CHARSET=utf8mb4 COLLATE=utf8mb4_0900_ai_ci COMMENT='Типы медиафайлов';
/*!40101 SET character_set_client = @saved_cs_client */;

--
-- Dumping data for table `media_types`
--

LOCK TABLES `media_types` WRITE;
/*!40000 ALTER TABLE `media_types` DISABLE KEYS */;
INSERT INTO `media_types` VALUES (1,'audio','1984-05-15 15:11:34','2021-09-16 20:52:07'),(2,'video','2000-06-05 06:03:07','2021-09-16 20:53:10'),(3,'image','1995-11-23 21:21:11','2021-09-16 20:53:08'),(4,'document','2021-09-16 20:59:34','2021-09-16 20:59:34');
/*!40000 ALTER TABLE `media_types` ENABLE KEYS */;
UNLOCK TABLES;

--
-- Table structure for table `messages`
--

DROP TABLE IF EXISTS `messages`;
/*!40101 SET @saved_cs_client     = @@character_set_client */;
/*!50503 SET character_set_client = utf8mb4 */;
CREATE TABLE `messages` (
  `id` int unsigned NOT NULL AUTO_INCREMENT COMMENT 'Идентификатор строки',
  `from_user_id` int unsigned NOT NULL COMMENT 'Ссылка на отправителя сообщения',
  `to_user_id` int unsigned NOT NULL COMMENT 'Ссылка на получателя сообщения',
  `body` text NOT NULL COMMENT 'Текст сообщения',
  `is_important` tinyint(1) DEFAULT NULL COMMENT 'Признак важности',
  `is_delivered` tinyint(1) DEFAULT NULL COMMENT 'Признак доставки',
  `created_at` datetime DEFAULT CURRENT_TIMESTAMP COMMENT 'Время создания строки',
  `updated_at` datetime DEFAULT CURRENT_TIMESTAMP ON UPDATE CURRENT_TIMESTAMP COMMENT 'Время обновления строки',
  PRIMARY KEY (`id`),
  KEY `messages_from_user_id` (`from_user_id`),
  KEY `messages_to_user_id` (`to_user_id`),
  CONSTRAINT `messages_from_user_id` FOREIGN KEY (`from_user_id`) REFERENCES `users` (`id`),
  CONSTRAINT `messages_to_user_id` FOREIGN KEY (`to_user_id`) REFERENCES `users` (`id`)
) ENGINE=InnoDB AUTO_INCREMENT=101 DEFAULT CHARSET=utf8mb4 COLLATE=utf8mb4_0900_ai_ci COMMENT='Сообщения';
/*!40101 SET character_set_client = @saved_cs_client */;

--
-- Dumping data for table `messages`
--

LOCK TABLES `messages` WRITE;
/*!40000 ALTER TABLE `messages` DISABLE KEYS */;
INSERT INTO `messages` VALUES (1,26,89,'Nemo quia veritatis et labore reiciendis consectetur. Et deserunt ratione quo quia iure sit ut.',0,1,'1975-01-05 08:49:37','2021-09-16 22:02:28'),(2,65,58,'Assumenda aut aut dolor ut. Adipisci qui aut nesciunt exercitationem. Beatae optio nostrum eius labore dolor aliquid est. Quia est sapiente aut natus facere.',1,0,'1982-12-15 01:55:39','2021-09-16 22:02:28'),(3,95,99,'Id voluptas consequatur molestiae id vero est. Ab est dolores qui cupiditate excepturi nesciunt. Soluta aliquam ut aut. Magnam est deserunt enim nihil consequatur incidunt accusamus.',1,0,'1988-10-21 12:32:02','2021-09-16 22:02:28'),(4,10,52,'Amet sint labore aliquid. Dignissimos occaecati corporis autem nisi vel enim. Veniam et itaque omnis consequuntur qui voluptatem.',0,1,'2008-12-03 10:21:48','2021-09-16 22:02:28'),(5,30,92,'Quia consectetur quod numquam quae. Et beatae nihil aut. Impedit debitis commodi nobis iusto velit.',1,1,'2002-10-13 11:18:34','2021-09-16 22:02:28'),(6,70,76,'Maxime maiores voluptatem at culpa. Animi omnis sit ducimus accusantium. Consequatur vero ducimus praesentium laboriosam ut assumenda dolores quam. Non et facere voluptatum beatae architecto voluptatum quod nulla.',0,1,'2000-06-12 21:48:38','2021-09-16 22:02:28'),(7,67,9,'Est vitae quod eveniet voluptas expedita in magnam. Id nihil qui ea commodi ipsa cupiditate. Reiciendis distinctio ipsam sapiente exercitationem praesentium eum harum velit.',1,0,'1974-09-07 06:46:22','2021-09-16 22:02:28'),(8,42,82,'Numquam excepturi aut et non vero ut. Cumque iure unde molestias sint quo. Dolor soluta blanditiis ut exercitationem earum. Culpa officiis aliquam occaecati.',1,0,'2020-07-02 19:35:02','2021-09-16 22:02:28'),(9,85,77,'Voluptatem sunt veritatis odio autem. Modi itaque quisquam aut modi sapiente. Consequuntur consequuntur et repellendus laboriosam consectetur deleniti soluta. Omnis voluptas aut neque exercitationem minima accusantium ab.',1,1,'1991-09-15 13:59:43','2021-09-16 22:02:28'),(10,28,10,'Incidunt dolores rerum omnis laboriosam dolor in. Excepturi vero voluptates et repellat dignissimos sint. Magnam veniam et corrupti possimus rerum beatae voluptas.',1,0,'2006-05-10 21:32:49','2021-09-16 22:02:28'),(11,65,97,'Eum earum dolorem nesciunt hic dolorem et. Laborum quaerat nihil placeat adipisci repudiandae quia quis nemo. Ut ut necessitatibus omnis et similique. Debitis dolorum distinctio autem necessitatibus.',0,1,'2018-01-22 01:56:37','2021-09-16 22:02:28'),(12,86,39,'Expedita expedita eos est tempore saepe. Est neque inventore pariatur totam quis voluptas. Error voluptas voluptatem et optio asperiores.',1,1,'2017-03-26 15:11:49','2021-09-16 22:02:28'),(13,38,73,'Hic ut consequuntur autem ut voluptas voluptatem soluta. Aspernatur excepturi tempore totam eaque hic ea. Consequatur minima qui ut laborum deserunt inventore. Consectetur libero quasi aut saepe et.',0,0,'2004-01-05 21:57:49','2021-09-16 22:02:28'),(14,51,36,'Maiores magni provident dolor qui consequuntur. Quisquam explicabo assumenda repellendus. Quia ex saepe consequatur voluptatum perspiciatis voluptatem. Quod sint sit nihil consequatur ipsa.',1,0,'2015-10-30 00:04:54','2021-09-16 22:02:28'),(15,24,14,'Dolore eos officiis vel modi accusamus maxime dolores. Dolores qui repellendus explicabo voluptatem. Molestiae accusamus autem dicta voluptatem dolorem.',1,0,'1994-06-22 16:35:10','2021-09-16 22:02:28'),(16,95,33,'Quae nobis consequatur rerum deserunt tenetur. Et quo in dolorem qui. Fugiat architecto id voluptates quisquam architecto.',1,0,'2002-08-27 04:49:11','2021-09-16 22:02:28'),(17,79,94,'Excepturi ullam facilis corporis velit possimus sit in. Sed modi sit facere et veniam. Delectus molestias dolores officia enim beatae molestiae a qui. Et fuga ea et eum.',0,0,'1993-05-08 19:57:29','2021-09-16 22:02:28'),(18,34,89,'Nisi in enim autem dolor minima esse quaerat. Corporis perspiciatis quam qui est in illum. Dolor eum ipsam culpa. Incidunt qui placeat eius.',1,1,'2012-08-18 17:15:02','2021-09-16 22:02:28'),(19,42,44,'Dolor saepe corporis eligendi impedit. Eum et ab voluptatem officiis laudantium voluptatem. Aut impedit voluptatem et sint. Aliquid dolore autem veniam ipsa blanditiis. Sequi libero laudantium assumenda eum.',0,1,'1989-10-11 17:41:17','2021-09-16 22:02:28'),(20,91,24,'Ea repellendus eveniet distinctio in veritatis. Libero aut unde possimus omnis. Aut quam dolorum voluptate eum animi voluptatem eum.',1,1,'1978-02-03 04:47:25','2021-09-16 22:02:28'),(21,45,53,'Porro ut at quas debitis. Sunt eius repudiandae nostrum iure error voluptas voluptatem. Commodi vel dolorem sapiente temporibus aperiam voluptatum.',0,0,'2016-06-02 18:51:09','2021-09-16 22:02:28'),(22,29,87,'Est corporis voluptatem neque sunt est. Quaerat ea vitae debitis repellendus quia harum. Qui aliquid est amet fuga et qui sed. Hic itaque cum non voluptas quidem dolor eum.',1,0,'1974-12-30 18:26:04','2021-09-16 22:02:28'),(23,45,67,'Ullam numquam voluptas repudiandae dolor eum. Sed enim rerum cupiditate illum est incidunt. Eos omnis cumque iusto.',0,1,'2005-10-30 14:37:54','2021-09-16 22:02:28'),(24,97,83,'Similique asperiores quis doloribus pariatur dolore quod cumque. Magni et dolor itaque id.',0,0,'2018-12-09 05:52:30','2021-09-16 22:02:28'),(25,24,73,'Autem dolor nisi ipsam ipsa. Nesciunt explicabo dolorum neque. Aut maiores nesciunt maxime voluptas voluptatem perspiciatis iusto.',1,0,'2002-08-03 11:16:01','2021-09-16 22:02:28'),(26,89,26,'Dolores aut laudantium quia est consequatur. Est fuga natus fugiat. Quia rerum ullam voluptas asperiores tenetur et ea et. Sit quo odit quae qui non voluptatem quidem.',1,1,'2001-11-06 12:04:58','2021-09-16 22:02:28'),(27,62,34,'Laboriosam in praesentium dolorem quia id dignissimos non sed. Voluptate ut perspiciatis numquam aut assumenda. Quia modi delectus inventore quas labore. Sint pariatur perspiciatis consectetur distinctio non reprehenderit debitis ex. Rerum tempora tempora quo.',0,0,'2021-02-10 19:53:45','2021-09-16 22:02:28'),(28,82,10,'Enim et vero et vero. Reiciendis eos officia ratione error. Ipsum eos totam repellendus ducimus ut atque voluptas. Possimus voluptatem sit pariatur nihil.',1,0,'2003-04-07 10:47:44','2021-09-16 22:02:28'),(29,100,72,'Quam voluptatem cumque ut itaque rem ut. Temporibus mollitia quia dolor sed beatae numquam quaerat. Est velit sit tenetur itaque mollitia facere libero qui.',0,1,'1987-10-27 01:51:45','2021-09-16 22:02:28'),(30,59,79,'Et non sit doloribus incidunt. Aut consequatur porro voluptatem omnis aspernatur ducimus. Repellat dolor iusto eius perspiciatis. Ut temporibus commodi aut magnam.',0,1,'2013-01-18 22:43:01','2021-09-16 22:02:28'),(31,16,43,'Eligendi impedit sit sed voluptas voluptas unde veritatis. Modi dolore iure numquam mollitia cumque. Quis animi repellendus recusandae aut repellat incidunt ut.',1,1,'1981-11-27 14:14:36','2021-09-16 22:02:28'),(32,67,3,'Sunt tenetur quas natus molestias consectetur consequatur rerum. Qui consequatur rerum aut ut eligendi voluptatibus natus. Fugit maxime rerum et blanditiis. Voluptatibus earum et in et quia quod.',0,1,'1976-06-25 16:44:10','2021-09-16 22:02:28'),(33,16,71,'Sint ea excepturi deserunt ipsam tenetur. Odio voluptatum et aut enim porro voluptas numquam veniam. Voluptas eligendi saepe autem voluptatem ipsa.',1,1,'2005-10-31 00:18:02','2021-09-16 22:02:28'),(34,4,8,'Velit minus mollitia eligendi maiores perspiciatis excepturi. Omnis odit delectus qui excepturi. Autem aut quae nemo voluptatum quaerat magni enim.',1,1,'2016-04-17 18:26:30','2021-09-16 22:02:28'),(35,29,18,'Delectus incidunt rerum consequatur eligendi reprehenderit incidunt. Aut velit sit omnis officiis. Labore et officiis nobis.',0,1,'2020-09-03 21:34:52','2021-09-16 22:02:28'),(36,4,65,'Ut odio temporibus veniam minima at dolore illum. Et dignissimos sint eius veritatis placeat magni consequatur quos. Magnam laudantium commodi accusamus eaque.',0,1,'1985-11-24 14:19:57','2021-09-16 22:02:28'),(37,13,70,'Atque et quae dolor velit necessitatibus. Et ipsa qui id temporibus molestiae.',1,1,'2000-01-12 12:02:38','2021-09-16 22:02:28'),(38,10,38,'Recusandae cum quod quia ea. Dolores cum quisquam aut quae in voluptas. Voluptas animi dolores quis ducimus. Voluptatem perspiciatis asperiores fuga.',0,0,'2011-06-09 21:32:28','2021-09-16 22:02:28'),(39,60,88,'Laudantium et blanditiis voluptate. Dolor maxime maxime voluptas. Ipsam aliquam consequatur qui corrupti qui possimus. Fugit eos facere quas velit assumenda.',1,0,'2000-11-21 15:20:34','2021-09-16 22:02:28'),(40,58,25,'Itaque et sed aut fuga. Optio deserunt reiciendis placeat a quos. Nemo quibusdam explicabo eum animi earum magni. Et doloremque tenetur unde eum.',1,0,'1989-05-01 18:02:30','2021-09-16 22:02:28'),(41,52,83,'Ab dolorum explicabo totam. Ex optio nemo voluptatem et aut. Consequatur exercitationem vitae possimus temporibus tenetur laboriosam id. Sit repellendus nemo qui ut expedita. Qui est est reiciendis et.',1,1,'1977-12-17 00:40:28','2021-09-16 22:02:28'),(42,59,45,'Architecto aut molestiae modi rerum ut et repudiandae fugiat. Dolores rerum libero odio doloremque minus aspernatur.',0,0,'1990-06-05 00:36:29','2021-09-16 22:02:28'),(43,47,2,'Et explicabo veniam dignissimos et assumenda. Dolor est voluptatem quisquam ad aut nihil nam. Blanditiis minus voluptate enim ullam voluptatibus facilis. Nihil aliquam nemo saepe voluptatibus tenetur.',1,1,'2004-07-21 01:09:53','2021-09-16 22:02:28'),(44,68,31,'Praesentium laboriosam soluta eveniet culpa similique sint optio. Minus omnis eos quas. Laborum velit eos quisquam ut beatae repellat perspiciatis.',1,0,'2007-09-12 04:58:05','2021-09-16 22:02:28'),(45,53,71,'Omnis qui voluptas aut rerum illo neque in. Asperiores rerum sed ut voluptatem magni. Sint culpa reprehenderit unde quia pariatur.',0,1,'1983-03-06 00:39:37','2021-09-16 22:02:28'),(46,95,63,'Soluta aut modi non ipsa occaecati cum repudiandae. Repudiandae libero fugit exercitationem nulla. Sit architecto minima veniam quae sapiente mollitia reprehenderit eos. Maiores ut magni eum autem ut aut ea.',0,0,'1994-08-07 04:47:23','2021-09-16 22:02:28'),(47,29,54,'Tenetur perferendis soluta est architecto commodi dolore corporis. Autem quia consectetur ad. Fuga magnam iusto a ut nobis asperiores tempora.',0,1,'1976-03-20 13:26:41','2021-09-16 22:02:28'),(48,84,58,'Molestiae veniam perspiciatis est molestiae est. Ex omnis ut aut placeat vitae quasi voluptatibus. Quod maxime rerum fugit nesciunt id dolores enim. Et aut dolor qui recusandae necessitatibus.',0,0,'1991-01-14 08:14:14','2021-09-16 22:02:28'),(49,37,8,'Aut officiis magni saepe quis ea non. Et rerum autem ut debitis sunt nesciunt laborum. Omnis eligendi facilis dolorem maxime omnis quia dolor. Iure reiciendis cum et ut dolor atque et aut.',1,0,'1970-12-26 08:12:26','2021-09-16 22:02:28'),(50,31,32,'Dolores eaque pariatur consequatur laborum aut. Sit omnis nemo accusantium totam nisi. Autem delectus assumenda similique ipsam quia voluptas labore. Ducimus expedita voluptate vero cum velit nobis.',0,1,'2009-11-08 05:20:20','2021-09-16 22:02:28'),(51,64,23,'Esse quia sit porro accusamus blanditiis. Provident consequatur voluptatem enim omnis alias commodi dolores. Rerum expedita quibusdam illum ex sint.',0,0,'1997-03-03 21:40:57','2021-09-16 22:02:28'),(52,24,51,'Excepturi rerum odit enim. Rem optio qui explicabo numquam. Rerum ut quia dolorem molestiae dolore.',1,1,'2001-08-20 02:46:57','2021-09-16 22:02:28'),(53,82,57,'Optio sit a possimus et. Pariatur sint alias omnis qui natus aut. Possimus consequatur molestiae ab a sit eaque qui.',1,1,'1990-06-01 04:01:10','2021-09-16 22:02:28'),(54,37,12,'In vel nobis placeat excepturi nihil. Veniam illum eum molestiae cumque temporibus cum officia quis. Distinctio tempora culpa alias fugiat vel maiores. Ut fugiat non est.',0,0,'2010-07-31 18:29:07','2021-09-16 22:02:28'),(55,52,23,'Temporibus perspiciatis eos in vel et. Laboriosam est praesentium quod maxime velit repellendus odio et. Animi ex ex architecto libero omnis et architecto. Nam sint ipsa nisi iusto.',0,1,'2011-03-10 22:49:00','2021-09-16 22:02:28'),(56,58,18,'Veritatis illo saepe quidem et pariatur. Temporibus cum dolorum exercitationem ea eum. Deleniti dolores ex quis velit. Architecto numquam eos excepturi et.',0,0,'1986-12-07 07:23:57','2021-09-16 22:02:28'),(57,19,41,'Aut rem ea molestiae quia officia ea quia. Dolorem quia voluptatem officiis deserunt omnis dolorum. Quia veniam quasi quia distinctio ut eius.',0,0,'2004-10-15 03:31:14','2021-09-16 22:02:28'),(58,45,1,'Nihil eum aut rerum nulla. Non porro optio reprehenderit sed. Sint consequatur deserunt omnis dignissimos corrupti.',0,1,'2007-01-14 01:35:26','2021-09-16 22:02:28'),(59,71,53,'Dolores ex enim est velit. Qui nobis voluptas sit. Temporibus temporibus corporis minima. Aspernatur quasi aut et blanditiis nihil dolor qui.',1,1,'1971-03-02 00:52:58','2021-09-16 22:02:28'),(60,50,89,'At harum corporis nobis perferendis perspiciatis. Beatae aut adipisci et voluptatibus nesciunt autem vitae laborum. Nisi enim est est debitis et alias aliquid.',0,0,'1981-11-22 22:11:13','2021-09-16 22:02:28'),(61,94,2,'Vel libero odio cum qui numquam. Facere ipsa sed quis labore et consequatur laudantium. Qui quae suscipit saepe quis eum magnam. Tenetur earum voluptas nobis quidem.',1,0,'1986-11-18 08:18:27','2021-09-16 22:02:28'),(62,28,36,'Aut ipsam nostrum omnis quisquam sed saepe minima. Reiciendis et fugit sint qui aut fugit quia. Exercitationem sed est aut voluptatum velit.',1,0,'1995-10-25 07:46:21','2021-09-16 22:02:28'),(63,93,55,'Ut est laborum incidunt suscipit porro rerum ipsum. Unde ullam ut eum exercitationem voluptates aut. Recusandae ut voluptatibus ipsa ut maiores minima maiores. Officia numquam eius dolores necessitatibus.',0,1,'1997-01-16 15:57:08','2021-09-16 22:02:28'),(64,98,23,'Harum quia ut expedita sint id. Asperiores nesciunt nisi assumenda omnis dolor. A suscipit tempora ea et doloribus voluptatem accusantium.',0,1,'2006-02-27 10:25:02','2021-09-16 22:02:28'),(65,20,30,'Sapiente nihil recusandae recusandae sequi corporis dicta et in. Ipsum nihil in magnam enim deleniti assumenda ea. Doloremque nesciunt autem debitis ut architecto et.',0,1,'2013-08-04 19:36:43','2021-09-16 22:02:28'),(66,92,70,'Rerum odio saepe consequatur et cum. Molestias accusamus et quaerat velit. Eaque velit error quis quo veniam. Saepe harum ullam pariatur non eos.',0,1,'1984-05-20 02:05:32','2021-09-16 22:02:28'),(67,74,59,'Magni nihil aut nulla fugit consequatur cum. In odio magnam hic ipsa quo explicabo. Ut non voluptatum eveniet laborum repudiandae.',0,0,'1972-05-19 05:13:31','2021-09-16 22:02:28'),(68,74,91,'Voluptatum ut fuga dolorum quibusdam rerum sequi maiores. Dolor laborum odit saepe autem. Fugiat odit natus qui nobis.',1,1,'2004-06-26 20:56:31','2021-09-16 22:02:28'),(69,32,87,'Impedit voluptatem provident natus molestias. Nihil consequatur molestias aut dolorum reprehenderit. Sed et sit id dolor quos molestiae.',1,0,'1992-12-31 18:09:27','2021-09-16 22:02:28'),(70,38,29,'Inventore quibusdam cupiditate placeat repudiandae exercitationem et qui. Numquam sint architecto ut vel ad dolores consequatur. Consequatur non nesciunt odio odit nostrum laborum fuga. Occaecati atque est consequatur vel quia.',0,1,'1975-05-19 22:51:29','2021-09-16 22:02:28'),(71,30,65,'Mollitia eligendi corporis optio ratione expedita rerum dolor. Deserunt aliquid aut et sit ut molestias. Odio quas et ipsum expedita rerum optio. Repellendus porro nemo iste cum.',1,1,'1979-01-19 06:48:18','2021-09-16 22:02:28'),(72,31,63,'Sapiente aspernatur non vero sint aut enim. Quo dolorem corporis quis quis et non qui. Repellat molestiae et reiciendis temporibus est eos voluptas. Numquam aut natus et ut officiis at.',0,0,'1986-06-25 05:01:51','2021-09-16 22:02:28'),(73,20,10,'Vel et sint cumque voluptate dolor corrupti ex. Voluptatibus autem aut dolor. Iure quis iste ut nobis aut. Voluptatem velit corporis quis harum ex.',1,0,'2018-04-04 11:48:32','2021-09-16 22:02:28'),(74,90,17,'Ratione porro eligendi quo veritatis tenetur amet quia. Eligendi ut neque qui rerum delectus rerum velit. Sequi maxime non quibusdam. Minus ut vitae quasi deleniti ut expedita ex.',0,1,'1997-08-15 22:54:07','2021-09-16 22:02:28'),(75,18,35,'Vitae possimus vitae quaerat. Officiis exercitationem et id cumque. Odit mollitia debitis ut.',1,0,'2016-03-03 15:18:29','2021-09-16 22:02:28'),(76,24,12,'Qui dolor vitae reiciendis praesentium. Quae aliquam corporis perferendis distinctio corporis. Quos accusamus vero et modi. Eos eius error aut autem et vitae.',0,0,'2000-04-06 05:33:41','2021-09-16 22:02:28'),(77,89,8,'Neque dolores ut nihil eum ut soluta. Accusantium debitis quas doloremque. Iste modi quibusdam aspernatur voluptate voluptatem. Aperiam voluptate beatae quia asperiores perspiciatis.',1,1,'2019-01-13 12:15:12','2021-09-16 22:02:28'),(78,73,40,'Temporibus modi voluptatibus aliquid quisquam voluptas quaerat sit in. Aut omnis sunt voluptatem qui. Ex vel eos perspiciatis facilis iste explicabo. Qui placeat aut beatae perspiciatis beatae a voluptatibus.',0,1,'2003-04-18 04:46:08','2021-09-16 22:02:28'),(79,81,84,'Voluptatem sit aliquid rerum mollitia voluptas nihil quis. Aperiam in repudiandae ab temporibus cumque hic qui unde. Libero quod neque deserunt ab consequatur est. Nulla vel cumque sit.',1,1,'2015-10-30 14:43:01','2021-09-16 22:02:28'),(80,76,27,'Maiores eveniet aut quia nulla explicabo. Ipsam vitae enim delectus et soluta. Aut quae enim inventore quis delectus id laboriosam. Consequuntur molestias enim aut doloremque temporibus.',1,1,'1992-07-05 21:45:41','2021-09-16 22:02:28'),(81,6,51,'Quo libero earum et. Consequatur neque ut ex harum omnis similique. Nesciunt quas voluptatum ea ut laborum. Et fugiat odit exercitationem omnis.',0,1,'1990-02-22 05:18:38','2021-09-16 22:02:28'),(82,37,29,'Animi est inventore dolorem quidem neque asperiores delectus. Aut sed veniam quas iusto doloribus. Ipsum aliquid consectetur dolor sed qui mollitia. Omnis delectus ducimus veritatis et et.',1,0,'1996-06-11 00:20:33','2021-09-16 22:02:28'),(83,33,78,'Perspiciatis ipsam in inventore ipsam. At tenetur eum vitae in. Ullam nihil fugiat quis vero occaecati aspernatur aspernatur et. Quidem neque adipisci rem corporis sequi.',1,0,'2009-02-01 04:05:53','2021-09-16 22:02:28'),(84,90,15,'Temporibus cum sed voluptatem dolores repellendus ipsa omnis. Fuga in ipsam sint vel exercitationem repellat necessitatibus ipsam. Vero et corporis impedit est eos dolor.',1,0,'2008-05-16 07:55:18','2021-09-16 22:02:28'),(85,5,81,'Explicabo omnis vel similique excepturi cumque excepturi. Vel suscipit molestias saepe sit sit itaque in suscipit. Reprehenderit natus non quaerat recusandae.',0,1,'1971-01-09 10:17:18','2021-09-16 22:02:28'),(86,89,1,'Asperiores et neque id maxime accusamus repudiandae. Illum at eligendi et modi labore. Sed consequatur qui omnis repellat sequi quibusdam eum laudantium.',1,0,'1974-03-20 15:42:08','2021-09-16 22:02:28'),(87,39,90,'Id repellat sit et. Est excepturi nobis inventore ut itaque.',0,0,'2006-04-11 18:42:26','2021-09-16 22:02:28'),(88,31,86,'Explicabo quam sint alias vel. Temporibus est sit hic cumque molestiae quam voluptas quaerat. Ipsam enim veniam magnam tenetur beatae sed. Tenetur architecto quasi voluptas in totam autem.',0,1,'1974-12-15 22:20:08','2021-09-16 22:02:28'),(89,35,17,'Voluptas ab eos inventore dolores. Dolorum enim nihil fugiat voluptates. Consequatur dolores tenetur doloribus quis dolor velit ipsam. Rem quia nesciunt nihil nam.',0,1,'2010-03-17 01:07:21','2021-09-16 22:02:28'),(90,81,52,'Delectus quas ea nihil tempora. Eaque reiciendis praesentium veniam omnis qui voluptatem.',0,1,'2008-10-28 05:12:40','2021-09-16 22:02:28'),(91,18,34,'Dolore eius nulla eum sunt dignissimos sequi vitae. Voluptatum molestias quasi autem qui amet odit aut aut. Blanditiis id commodi vero aliquam nihil enim.',0,1,'1972-07-22 10:23:57','2021-09-16 22:02:28'),(92,17,80,'Asperiores consequatur nihil illo ipsa. Quia ad ex aut sit dolorem et. Maxime accusamus corporis dolores nisi. Perferendis alias sunt autem rerum id modi.',0,0,'2015-05-10 13:39:24','2021-09-16 22:02:28'),(93,48,99,'Sit ut consequatur aspernatur architecto et amet explicabo. Sint nobis molestiae enim dolores error vel. Vero voluptatem ipsa molestias fuga inventore.',0,1,'1978-01-28 20:10:02','2021-09-16 22:02:28'),(94,51,59,'Natus ducimus rerum iste quis fuga facere itaque. Tenetur eum facere impedit voluptate ipsum. Sequi illo quae officia recusandae accusantium quis debitis magni. Dolor neque nam sint amet architecto beatae.',0,1,'1975-03-25 07:50:14','2021-09-16 22:02:28'),(95,43,34,'Omnis cum quia officia nihil consequatur porro qui reiciendis. Ea blanditiis beatae quidem alias. Dolore sunt et ut excepturi inventore temporibus illo. Ut dolor qui quaerat occaecati.',1,1,'2008-07-16 02:08:30','2021-09-16 22:02:28'),(96,42,7,'Ea non facere vitae numquam doloremque. Fugit et maxime rerum dolor numquam. Quae veritatis assumenda qui illum dolores sint in magni.',0,1,'1971-09-17 00:56:40','2021-09-16 22:02:28'),(97,10,28,'Cupiditate debitis cumque minus vel. Inventore voluptatem ut rerum dolorum non velit et nesciunt.',1,0,'2014-08-04 03:39:40','2021-09-16 22:02:28'),(98,8,55,'Quam et ut vel autem ut. Alias deleniti sit molestias quia aut qui dolorem.',1,0,'1980-06-10 07:01:13','2021-09-16 22:02:28'),(99,51,92,'Facilis dolores ut necessitatibus. Omnis laudantium excepturi qui dolorem. Aut quasi expedita libero sequi non sunt voluptate possimus.',0,1,'1997-04-18 18:38:55','2021-09-16 22:02:28'),(100,3,39,'Commodi aut est ut animi consequatur cum voluptas. Eveniet excepturi necessitatibus similique quis incidunt vero. Sed facilis omnis delectus dolorem a laudantium magni. Distinctio sit qui ducimus.',1,1,'1993-07-21 15:00:15','2021-09-16 22:02:28');
/*!40000 ALTER TABLE `messages` ENABLE KEYS */;
UNLOCK TABLES;

--
-- Table structure for table `posts`
--

DROP TABLE IF EXISTS `posts`;
/*!40101 SET @saved_cs_client     = @@character_set_client */;
/*!50503 SET character_set_client = utf8mb4 */;
CREATE TABLE `posts` (
  `id` int unsigned NOT NULL AUTO_INCREMENT COMMENT 'Идентификатор строки',
  `from_user_id` int unsigned NOT NULL COMMENT 'Ссылка на отправителя поста',
  `body_post` text NOT NULL COMMENT 'Текст поста',
  `created_at` datetime DEFAULT CURRENT_TIMESTAMP COMMENT 'Время создания строки',
  `updated_at` datetime DEFAULT CURRENT_TIMESTAMP ON UPDATE CURRENT_TIMESTAMP COMMENT 'Время обновления строки',
  PRIMARY KEY (`id`),
  KEY `posts_to_users` (`from_user_id`),
  CONSTRAINT `posts_to_users` FOREIGN KEY (`from_user_id`) REFERENCES `users` (`id`)
) ENGINE=InnoDB AUTO_INCREMENT=101 DEFAULT CHARSET=utf8mb4 COLLATE=utf8mb4_0900_ai_ci COMMENT='Посты';
/*!40101 SET character_set_client = @saved_cs_client */;

--
-- Dumping data for table `posts`
--

LOCK TABLES `posts` WRITE;
/*!40000 ALTER TABLE `posts` DISABLE KEYS */;
INSERT INTO `posts` VALUES (1,1,'Nihil voluptas aspernatur rerum quo consectetur quae. Rerum ut et sint magni molestiae aliquam. Id provident tempore consequatur quis voluptatem. Sit voluptate autem consequatur fugit aspernatur pariatur.','1974-07-26 15:55:09','2011-02-03 00:39:21'),(2,2,'Hic perspiciatis et eos neque eum. Consequuntur pariatur numquam amet enim maiores deleniti dolor cupiditate. Totam et nulla assumenda ut ad nihil fugiat. Tempora exercitationem recusandae omnis. Numquam ad sapiente et.','2000-05-19 16:37:08','1995-11-11 02:14:17'),(3,3,'Temporibus odio necessitatibus rerum aut cum voluptates cum suscipit. Fugiat unde iusto occaecati velit. Fugit iusto dolore sint error. Ea consequatur repellat consequatur nostrum.','1986-11-21 19:19:20','1997-03-02 01:22:01'),(4,4,'Totam hic accusantium adipisci sunt. Occaecati nostrum ratione numquam officia aspernatur ut. Ducimus sit enim odio ratione quisquam ea dolores minus. Aliquam dolorem consectetur aut beatae.','1972-04-23 01:54:43','2007-10-17 20:38:32'),(5,5,'Quod dolor modi eos numquam quo nobis aut. Odit et eos quod reiciendis qui cumque dolor. Eos blanditiis et eaque soluta eaque voluptas ut. Quidem vitae hic mollitia aut.','2002-11-28 13:48:49','1985-08-25 18:26:57'),(6,6,'Libero ratione excepturi omnis explicabo. Similique corrupti quo laborum. Rerum a possimus laboriosam provident.','2016-09-07 08:04:18','1994-03-16 08:37:49'),(7,7,'Ea labore incidunt ea ratione aut molestiae mollitia. Rerum aperiam quos recusandae vel repudiandae sequi. Dicta sed qui id saepe. Et nemo ut et soluta molestias.','1985-08-02 12:29:59','1997-10-09 05:50:14'),(8,8,'Ipsum ab hic est necessitatibus. Consequuntur tempore exercitationem sit doloremque et molestias aut. Omnis repudiandae odit enim et ut illum accusamus.','2020-02-09 16:59:27','2020-09-17 09:17:20'),(9,9,'Ipsam itaque voluptatem nobis assumenda nobis aliquid. Error omnis esse quas alias sunt a quas. Voluptatem molestiae rerum sapiente tenetur odit.','1971-02-01 11:41:00','2018-09-07 22:38:33'),(10,10,'Quasi dolores quod eum. Magni rerum sapiente reiciendis. Impedit delectus dicta corrupti hic sint minima nulla. Mollitia quia a aliquam aut fugit sint.','1981-06-29 18:35:54','1986-10-25 14:20:39'),(11,11,'Aliquid aut non voluptatem ab minus quia ratione. Itaque itaque non debitis non ut veritatis maxime. Omnis nostrum est corporis molestias perferendis voluptate. Ipsam quia fugiat facilis reiciendis.','2002-05-09 18:39:01','2008-11-20 04:31:58'),(12,12,'Eaque voluptas placeat voluptatem quisquam velit. Ea animi necessitatibus non aliquid dolor. Cumque rerum accusantium tenetur aperiam impedit.','2004-09-14 21:21:41','1984-09-25 21:44:49'),(13,13,'Praesentium ab veritatis libero ipsum ut aut necessitatibus dolorem. Distinctio odit eligendi totam autem. Nulla magnam cupiditate quo ut est quo libero.','2007-05-03 10:54:31','2011-06-27 20:43:36'),(14,14,'Sit qui cum totam. Est et aut eos maxime. Officiis ullam quis sit. Est temporibus fugit eveniet.','2007-01-23 15:16:58','1992-04-02 17:16:32'),(15,15,'Vel optio pariatur accusamus voluptatem sunt dignissimos nesciunt. Quasi magni quo molestias eum doloremque temporibus dolorem.','1970-08-12 08:33:01','1986-10-26 11:29:25'),(16,16,'Quos delectus voluptates ullam facilis est fugiat. Sed et minus et velit deserunt et voluptatum dolorum. Esse perferendis beatae quia qui numquam.','1985-11-27 12:19:08','1975-11-09 14:53:10'),(17,17,'Possimus qui quaerat explicabo officiis dolores. Architecto assumenda iure libero animi provident tempora doloribus. Numquam in cumque consequatur sint aliquam.','2011-11-06 09:24:12','2001-01-06 14:46:12'),(18,18,'Ratione voluptatem voluptatibus nam rerum cum fugiat. Laudantium laborum dolor eaque perspiciatis laboriosam. Tempore voluptatem autem dolorem et commodi quis beatae.','1996-08-09 22:20:25','2003-09-15 16:36:36'),(19,19,'Et quae est beatae consequuntur nihil quis. Tenetur aut aut quibusdam blanditiis. Voluptas voluptas officiis doloremque natus sint eum id iusto. Consequatur recusandae dolores debitis nobis ut sit.','1973-03-11 12:26:12','1975-11-30 14:13:48'),(20,20,'Modi dolor nostrum esse tenetur laudantium et vel. Dolor adipisci sequi est qui. Rem sed excepturi atque.','1979-03-15 00:40:02','1995-01-08 13:16:32'),(21,21,'Tempore recusandae provident culpa quia distinctio. Error eius ipsam doloribus optio et qui qui. Deleniti nesciunt nihil accusamus necessitatibus eius.','1974-04-07 00:28:15','1988-10-25 11:06:08'),(22,22,'Perspiciatis voluptatem quibusdam aut porro. Perferendis eligendi qui non quisquam dignissimos. Esse voluptate optio aut et magni soluta.','2016-01-03 12:39:20','2006-09-04 15:12:16'),(23,23,'Sit libero aliquid dolorem amet vero corrupti soluta. Rem dolorem autem aut cumque quibusdam eum dolorem veniam. Ut veniam consectetur dolorem culpa quas.','1984-08-12 18:44:51','1986-05-12 18:01:12'),(24,24,'Voluptas ut magni est sapiente sit iste voluptate. Dignissimos non autem dolor molestiae ipsum. Sit quas distinctio et eos esse repudiandae nesciunt voluptate. Dolor sed consequatur nihil et.','1979-11-27 00:15:20','1983-05-29 13:28:58'),(25,25,'Sed qui reiciendis et minus eligendi. Veritatis expedita deleniti earum dolore rerum aliquam. Maiores harum et omnis possimus similique iusto distinctio. Beatae dolorum aut ex eaque rerum facilis dolor.','2013-11-23 22:20:26','2010-07-28 04:58:28'),(26,26,'Placeat sit quia quaerat et tempora quibusdam fuga. Delectus nihil voluptates et dolorum. Autem voluptas quo eius animi. Ea enim totam vero ea rem aut quo.','1986-08-04 13:15:40','1974-12-09 23:56:25'),(27,27,'Quae deserunt aspernatur vitae cumque. Inventore animi earum eveniet dolor a qui. Et debitis quia eligendi fugit eius.','2009-11-14 14:15:59','1976-01-04 19:07:00'),(28,28,'Mollitia non enim non error. Ut voluptatibus ut repellendus repellendus. Culpa dolores non veniam.','2009-02-10 23:10:07','2002-10-06 22:57:21'),(29,29,'Aspernatur consectetur necessitatibus nemo minus ut ut blanditiis. Sit omnis voluptatibus molestiae voluptatem. Quisquam ea explicabo voluptas molestias. Laudantium iure rem sint totam sunt blanditiis dignissimos. Doloribus culpa molestiae omnis molestiae.','2014-04-08 03:31:55','2011-10-24 14:19:40'),(30,30,'Impedit voluptatem iste deserunt placeat ducimus molestiae doloremque placeat. Quia aliquam labore nostrum temporibus. Possimus ipsum soluta quaerat eveniet laudantium in quam.','1982-07-22 18:31:06','2003-06-30 05:57:25'),(31,31,'Molestiae doloremque aut quia deserunt. Inventore eum ullam consequatur dolorem fugiat eum. Temporibus illo nesciunt dolore ut excepturi suscipit quibusdam. Non iste quia eligendi dicta quaerat totam optio.','2004-02-22 23:52:49','2011-01-17 07:21:41'),(32,32,'Necessitatibus beatae rerum eum. Ratione cupiditate quaerat distinctio similique consequatur. Amet ex voluptate aut repellat sit.','1981-06-17 10:39:03','2009-08-27 08:50:24'),(33,33,'Iusto rem est aut voluptates voluptatem alias quia blanditiis. Rem dolores ut quibusdam dolorum fugiat minus odit. Ad minima ut nesciunt qui omnis. Nostrum mollitia quibusdam quia.','1983-02-11 10:07:56','2001-11-29 01:09:30'),(34,34,'Maxime placeat animi quasi corrupti animi. Natus amet voluptate et doloremque eveniet et. Tenetur libero perferendis nostrum hic eveniet. Dolor et tenetur tempora ut voluptas laudantium animi animi.','2012-06-01 10:35:58','1977-09-24 02:41:46'),(35,35,'Amet doloribus dolor reprehenderit magnam numquam voluptas est non. Unde fugit quia doloremque molestiae omnis. Et odio totam et reprehenderit placeat.','1973-04-02 20:08:06','2011-10-22 10:56:00'),(36,36,'In quam aut consequatur repudiandae neque quibusdam repudiandae. Fugit aut alias necessitatibus et. Aut dignissimos reprehenderit porro ullam officiis. Veritatis dolorum dolorem expedita autem voluptatem aliquam autem.','1978-06-16 21:10:21','1977-01-17 04:59:44'),(37,37,'Ducimus reiciendis voluptatem molestias dolores est officia. Debitis doloremque alias sunt neque qui in. Eos iure dolores aut magnam molestiae sed dolorem.','1998-07-10 18:33:56','1993-05-26 00:50:08'),(38,38,'Culpa ut hic impedit velit eum deserunt. Et maiores rerum doloremque. Esse qui quis qui quo quas quaerat et est. Repellat et velit officia illo. Unde vel modi sequi excepturi earum voluptate ut.','1995-10-29 05:47:45','2003-05-24 19:05:48'),(39,39,'Qui pariatur consequatur ipsam voluptatem. Iure qui ipsa similique. Et dolores ut repellendus cupiditate.','1980-11-24 02:38:12','1992-03-19 01:22:59'),(40,40,'Est inventore autem molestias exercitationem est quaerat. Quibusdam modi sint et minima explicabo illo. Explicabo at est nulla rerum culpa inventore. Rem sed deserunt ullam et numquam placeat illum. Maiores aperiam placeat impedit sapiente.','2015-10-27 04:52:01','1997-02-01 12:03:12'),(41,41,'Deserunt molestias suscipit aut quos aut aliquid et. Architecto dolorem voluptatibus quia minus suscipit. Aut eos et exercitationem quia qui iusto eum. Velit deserunt perspiciatis est id autem adipisci ut unde.','1981-11-16 12:14:33','1985-08-05 23:37:47'),(42,42,'Vero perferendis quia ipsa temporibus et. Ut voluptas velit corrupti enim. Deserunt impedit qui sunt corrupti autem error magnam.','1976-03-26 23:44:05','1972-05-28 13:05:04'),(43,43,'Odio eaque quis a exercitationem assumenda nulla. Aperiam odio est reiciendis.','2004-04-21 00:59:25','2000-01-20 10:14:06'),(44,44,'Dolorem iure sit ratione aut incidunt similique debitis harum. Enim dolor sint nostrum consectetur minus unde qui. Consequatur aperiam enim est.','1981-03-10 10:29:59','2005-09-19 06:07:01'),(45,45,'Vitae dolor non qui atque nostrum. Qui unde deserunt aspernatur suscipit debitis corporis dolore. Rem ratione ad in iusto ipsum eum. Totam exercitationem quam odit iure placeat.','1971-09-29 03:56:48','1996-10-19 17:21:23'),(46,46,'Nostrum facilis et hic enim est dolores laborum. Cupiditate est incidunt at. Ipsam omnis molestiae eos nihil. Minima vero minima est voluptatum facilis. Dolore architecto esse non modi.','2016-11-12 13:05:13','1979-06-22 17:00:57'),(47,47,'Optio est autem nulla sunt rerum. Aliquam est exercitationem quia molestias eaque aliquam. Et placeat et vel consequuntur consequatur.','1999-11-09 04:11:57','1975-09-13 05:48:20'),(48,48,'Magnam quam fugit eos pariatur reiciendis sint repudiandae ducimus. Recusandae praesentium quia et sit iste perspiciatis nulla. Aut non vitae voluptas maiores facilis dolor.','1994-08-10 12:19:19','2000-11-24 04:17:30'),(49,49,'Quibusdam qui eos dolores perferendis. Voluptas maiores et molestias eos quia in. Dolorem quo minima repellendus quisquam. Alias sed et quia laboriosam molestiae nihil.','1990-12-18 12:37:37','1992-07-01 14:23:14'),(50,50,'Tempore quam vitae suscipit nobis reiciendis ad voluptatem reprehenderit. Laboriosam sit ad eaque autem corrupti iste. Qui voluptas sed soluta dolorem beatae ipsa. Dolorem ut est vitae amet enim et unde nisi.','2002-12-11 14:53:55','1976-08-29 08:04:22'),(51,51,'Ut et vel minus incidunt et sunt molestiae. Sed aut numquam dignissimos quis pariatur est dolorum ex. Esse reiciendis et ut.','2012-03-13 22:42:34','2004-01-19 10:55:59'),(52,52,'Odio delectus iusto ut magni. Praesentium quod est sit facere perferendis in voluptas. Ea ad explicabo molestiae maiores ipsam temporibus. Autem provident magnam ea officia.','2007-05-01 15:40:37','2009-05-21 17:32:17'),(53,53,'Omnis voluptatem deleniti voluptatum ut occaecati cumque. Deleniti maxime itaque sed sunt assumenda numquam itaque. Nisi repellendus quis fuga velit debitis.','2014-12-14 10:17:36','2004-02-24 13:43:01'),(54,54,'Consequatur modi cum illo est soluta nesciunt sit rerum. Est consequatur quae neque. Qui quis quis non iste. Ut facere quasi voluptas ea harum ex. Ipsum beatae quia dolor eius unde eum eum qui.','1995-06-06 09:17:24','2000-08-08 06:34:06'),(55,55,'Aperiam sit alias vel debitis eum dolorem unde ut. Nemo consectetur qui earum ducimus possimus sed rerum. Autem natus mollitia reiciendis ut. Et mollitia quidem maxime rerum asperiores nemo sed.','2009-11-17 12:52:44','1973-03-03 22:39:53'),(56,56,'Molestiae odio est aut. Et nulla sint perferendis. Saepe necessitatibus perspiciatis delectus voluptatem corrupti amet non. Nostrum nobis possimus sit pariatur.','2013-03-14 22:56:04','1971-02-01 07:24:21'),(57,57,'Excepturi delectus rerum vel pariatur quasi inventore itaque. Eum quisquam delectus cupiditate. Officiis explicabo dicta aut.','2018-05-11 01:28:12','2008-01-03 05:56:49'),(58,58,'Occaecati error sed animi iusto veritatis nulla. Vel quae et quae eaque asperiores nostrum. Accusamus quasi ex ad quisquam eum quae. Dolorem maxime eos ut ut sunt voluptatem eligendi aut.','2006-07-05 22:58:31','1986-08-17 00:50:48'),(59,59,'Neque temporibus ullam odio illo tempore et molestiae. Dolores quae voluptatum at vel quia. Doloribus provident mollitia possimus odit. Inventore laborum neque corrupti consequatur eum.','1989-08-14 12:37:22','2004-12-26 01:39:02'),(60,60,'Ipsam possimus numquam provident praesentium ab quo rerum. Id sint omnis suscipit qui et quibusdam quo.','1989-07-02 09:48:40','1986-11-10 04:32:37'),(61,61,'Magni doloribus ad corporis tempora dolor. Aut sapiente veniam ut est iure sequi. Illo et cumque ut ab ut aperiam ipsum culpa.','1980-11-11 08:53:21','2009-05-01 23:32:38'),(62,62,'Nulla omnis nostrum aspernatur nobis vel esse qui. Inventore quod eos voluptatem et. Laudantium non aliquam ut error similique nostrum. Corrupti voluptatem similique minus nesciunt. Quae voluptas maxime veniam nisi similique temporibus.','1973-08-23 17:37:27','1990-07-21 06:29:04'),(63,63,'Provident et aut laudantium possimus tempore voluptas quia. Repellat est dignissimos velit possimus ratione rem sed. Explicabo voluptatem assumenda cupiditate quo recusandae id.','2002-06-02 03:37:06','2020-11-10 21:12:17'),(64,64,'Maiores praesentium porro et et. Vero eaque et nobis sed sapiente delectus. Aliquam soluta distinctio et pariatur et earum.','1995-11-19 02:24:19','1982-01-20 10:50:36'),(65,65,'Eius voluptatem esse velit odio. Voluptatem aut atque ratione itaque voluptatem commodi. Est omnis enim qui assumenda et voluptatem quod. Et est voluptatem qui qui.','1977-03-07 10:41:27','1993-04-18 13:59:44'),(66,66,'Deserunt numquam quaerat iste soluta. Sit quibusdam atque omnis. Qui consequatur cum voluptatum nostrum cum consequatur quia. Ipsum atque doloremque sed iusto.','1987-05-25 08:45:35','1973-10-11 13:02:48'),(67,67,'Voluptatum excepturi et architecto fugiat natus numquam. Harum velit voluptas quia et non praesentium earum. Sed voluptatibus eius est consequatur. Minima quo minus assumenda assumenda.','1984-08-21 03:20:24','2015-08-10 19:33:40'),(68,68,'Blanditiis consectetur deserunt officia tenetur eligendi voluptatibus. Et doloribus aspernatur qui recusandae. Blanditiis alias corporis quo ipsa veniam. Saepe fuga totam ducimus odit asperiores consequatur tempora. Ipsum blanditiis recusandae est labore numquam non vero.','1989-06-22 16:34:57','1977-01-27 00:58:50'),(69,69,'Nostrum saepe porro perferendis. Necessitatibus voluptatem praesentium esse accusamus placeat officia in. Odio debitis voluptatum nobis sunt. Aliquid laboriosam veritatis vitae explicabo.','2006-06-18 17:28:28','1980-10-10 03:10:01'),(70,70,'Et quo molestiae ducimus eaque. Vero id minima illum adipisci id laudantium est. Omnis qui dolorum error neque quidem consequatur et molestiae. Sunt quae reiciendis quia molestias dolores quidem cupiditate. Sint laudantium dignissimos aliquid consequatur sit.','1994-07-07 16:54:01','1983-04-29 09:11:36'),(71,71,'Ea enim quia doloremque qui est autem est. Itaque blanditiis id qui dolorem fugit esse.','2012-02-03 13:35:35','1972-10-02 04:55:39'),(72,72,'Enim omnis similique illum doloribus consequatur. Dolorem numquam voluptatem rerum consequatur suscipit. Et qui officia aut delectus cum nisi corporis reiciendis.','2013-03-02 06:17:38','1998-05-10 22:43:29'),(73,73,'Deleniti natus sunt in soluta adipisci tenetur minima. Recusandae molestias eveniet culpa in eum ipsum inventore. Qui deserunt est est error facilis.','1980-09-21 03:50:42','1970-10-07 18:12:58'),(74,74,'Expedita corrupti est enim fugit magni dolorum accusamus. Deleniti aut aspernatur et nulla esse odio. Soluta voluptatum doloribus ex consectetur soluta voluptatem laudantium. Minus rerum cum omnis non quod.','1987-02-06 03:21:29','2009-06-25 21:14:45'),(75,75,'Possimus iste optio assumenda suscipit doloremque nulla unde. Et ratione voluptatem aut voluptatem quasi ea. Eos perspiciatis deserunt cupiditate ducimus omnis aliquid laudantium qui. Officiis assumenda odio occaecati.','2016-12-08 00:48:17','1990-02-10 15:52:55'),(76,76,'Ut est necessitatibus voluptatem expedita necessitatibus assumenda. Sapiente omnis sequi ad maiores rerum at tenetur. Aliquam ut laborum maiores. A omnis autem et aliquam in.','1985-06-16 09:21:37','1992-01-21 09:17:29'),(77,77,'Delectus accusantium voluptatibus porro sint nemo iusto voluptas. Facere nesciunt ducimus earum sit eius. Eius a et nostrum corporis eius quis. Ipsa enim ut aliquam. Molestias repellat ipsam et quisquam quia.','1970-06-27 16:07:12','2013-02-20 16:39:35'),(78,78,'Ducimus rerum unde voluptatibus eaque architecto exercitationem quod. Asperiores est qui unde dolorum. Ad reiciendis sunt laboriosam tenetur consequatur est qui.','2017-06-29 09:47:17','1998-08-27 04:25:25'),(79,79,'Accusamus quia amet id culpa. Temporibus odio nihil magni ipsam dolores. Adipisci est nam quis repudiandae sequi.','1986-08-18 04:22:09','2011-07-11 10:23:02'),(80,80,'Saepe tenetur quas iusto repellat. Ut aut et occaecati exercitationem exercitationem hic. Eius ut aut perferendis deserunt in. Ea ea libero architecto excepturi. Quidem occaecati illum recusandae placeat.','2016-11-08 06:10:19','2008-12-08 03:53:54'),(81,81,'Ea nihil cum unde est. Quam voluptas quibusdam odio molestiae maiores. Quis voluptatum inventore cupiditate. Omnis possimus omnis error fuga ut.','2019-01-10 00:40:28','1988-12-18 00:35:20'),(82,82,'Cupiditate sit et eveniet provident. Nihil qui natus iste consequuntur excepturi ratione et eos. A optio minima occaecati consequuntur recusandae deserunt. Ea numquam odio quas animi qui.','1973-08-16 23:07:31','2001-03-21 22:43:06'),(83,83,'Ut ut enim sed laboriosam voluptatem sapiente. Sit at consequatur non excepturi qui cupiditate. Quam sed quam qui et labore quis dolor. Qui ducimus eos est eaque corporis architecto adipisci veritatis.','1985-04-28 14:54:39','1997-08-28 22:03:02'),(84,84,'Itaque dolor repudiandae reiciendis voluptate reiciendis. Quisquam est qui incidunt adipisci ut quo. Voluptas qui rerum doloremque architecto expedita vel architecto.','1973-07-02 00:59:28','1970-07-19 16:15:03'),(85,85,'Alias expedita est a. Aut et quibusdam molestias corrupti et sit fugiat. Exercitationem dolorem odio est qui optio omnis dolorum. Quos numquam repellendus doloremque.','1978-12-30 17:26:51','1982-11-22 04:05:13'),(86,86,'Quas ut error atque asperiores magni exercitationem vero. Voluptas facere fuga quas aliquid. Repudiandae provident quia qui suscipit dolor aut eos.','2019-04-28 16:41:09','2011-12-11 22:30:08'),(87,87,'Voluptas omnis aut suscipit libero deleniti dolorem nisi. Soluta hic deserunt dolorem quia exercitationem ad. Quod blanditiis aut temporibus.','1978-12-01 16:20:31','1984-08-21 11:52:54'),(88,88,'Dolores dolor pariatur quibusdam. Eius earum reiciendis reiciendis omnis sed. Est tempora harum non porro molestiae aut ratione.','1981-09-23 20:36:16','2012-03-26 09:21:57'),(89,89,'Delectus exercitationem ut molestiae at dolor. Dolore voluptatem voluptatem et sit sed et eos. Minima eligendi ea sit quia saepe. Quo dolorem illum porro at non omnis illum.','2013-12-02 14:21:59','1997-08-08 21:18:58'),(90,90,'Voluptate necessitatibus omnis quibusdam officia fugiat quod voluptatem. Est quia maiores eius explicabo quo minima. Quis ut autem qui mollitia. Sequi voluptatem cumque est deleniti ea at. Sint quis consequatur inventore vitae.','1994-07-11 06:36:07','2006-06-03 02:21:28'),(91,91,'Nihil ut eos odio et minus. Et sapiente eius corporis occaecati. Dignissimos consequatur aut sunt quaerat ducimus.','2004-07-03 22:15:45','2006-08-02 05:36:10'),(92,92,'Qui ratione consectetur cumque quos. Quam quia voluptatem qui excepturi veritatis cupiditate.','2008-12-27 17:48:37','1986-01-01 00:59:18'),(93,93,'Quos at voluptatem cum dolor reprehenderit. Dolore ipsam et ex ipsum. Id animi et illo dolore. Laboriosam enim accusantium tenetur ut officiis animi ullam aut.','1978-06-14 00:41:00','2007-06-04 15:02:38'),(94,94,'Consequatur nobis dolorem neque odio ea voluptas. Quidem hic ratione in esse sed. Rerum laudantium ducimus et voluptas reiciendis et est enim. Ad et repellat aut est eum illo iste.','2010-08-18 00:18:52','1990-03-16 05:05:15'),(95,95,'Molestias voluptas dolor tenetur illo velit dolor incidunt. Id accusamus in aut eligendi. Cum dicta alias alias quis.','1997-05-16 22:27:49','2005-01-18 22:26:34'),(96,96,'Ut ipsam ut voluptate vel deserunt ut et. Tenetur voluptas corrupti aspernatur quisquam. Et temporibus ratione aut. Ipsum voluptas accusamus voluptatem aperiam earum tempora consequatur.','1997-11-01 02:00:32','2015-08-22 23:25:34'),(97,97,'Rerum maxime unde ut voluptatum facilis eaque. Dolorem enim porro consequatur quia velit explicabo. Provident sit similique non et labore ea et. Earum nesciunt iste veniam amet quos aut.','2016-06-20 18:05:01','1987-05-02 23:38:28'),(98,98,'Quia eius consequatur libero qui. Accusantium molestias tenetur quae et. Minima in autem ratione consequuntur inventore inventore minus.','1997-06-30 23:56:00','2019-08-25 23:56:15'),(99,99,'Tenetur laboriosam nihil dolorem quo. Itaque corporis et dolor est. Sunt laborum harum tempore deserunt et necessitatibus itaque. Totam similique quo ea nesciunt et fuga fuga ut.','1994-11-22 18:52:48','2015-08-03 07:28:48'),(100,100,'Dolorem assumenda corporis ut sequi reiciendis. Reprehenderit corporis consequatur veniam voluptas. Voluptate adipisci corrupti alias est velit. Corporis voluptatem dolorum nihil atque sapiente laboriosam. Omnis nisi illo sunt quae rerum.','2009-10-29 14:04:09','1973-02-10 01:58:43');
/*!40000 ALTER TABLE `posts` ENABLE KEYS */;
UNLOCK TABLES;

--
-- Table structure for table `profiles`
--

DROP TABLE IF EXISTS `profiles`;
/*!40101 SET @saved_cs_client     = @@character_set_client */;
/*!50503 SET character_set_client = utf8mb4 */;
CREATE TABLE `profiles` (
  `id` int unsigned NOT NULL AUTO_INCREMENT COMMENT 'Идентификатор строки',
  `user_id` int unsigned NOT NULL COMMENT 'Ссылка на пользователя',
  `gender` enum('M','F') NOT NULL COMMENT 'Пол',
  `birthday` date DEFAULT NULL COMMENT 'Дата рождения',
  `status` enum('online','offline','disabled') DEFAULT NULL COMMENT 'Текущий статус',
  `city` varchar(130) DEFAULT NULL COMMENT 'Город проживания',
  `country` varchar(130) DEFAULT NULL COMMENT 'Страна проживания',
  `created_at` datetime DEFAULT CURRENT_TIMESTAMP COMMENT 'Время создания строки',
  `updated_at` datetime DEFAULT CURRENT_TIMESTAMP ON UPDATE CURRENT_TIMESTAMP COMMENT 'Время обновления строки',
  PRIMARY KEY (`id`),
  KEY `profiles_user_id` (`user_id`),
  CONSTRAINT `profiles_user_id` FOREIGN KEY (`user_id`) REFERENCES `users` (`id`)
) ENGINE=InnoDB AUTO_INCREMENT=101 DEFAULT CHARSET=utf8mb4 COLLATE=utf8mb4_0900_ai_ci COMMENT='Профили';
/*!40101 SET character_set_client = @saved_cs_client */;

--
-- Dumping data for table `profiles`
--

LOCK TABLES `profiles` WRITE;
/*!40000 ALTER TABLE `profiles` DISABLE KEYS */;
INSERT INTO `profiles` VALUES (1,1,'M','2015-03-20','offline','Erniehaven','FR','2001-11-05 20:35:12','2021-09-17 17:32:13'),(2,2,'M','1986-05-26','disabled','New Mack','CN','2001-09-21 18:02:12','2021-09-17 17:32:13'),(3,3,'F','2008-12-04','disabled','Port Alfredahaven','CA','2019-09-20 16:36:34','2021-09-17 17:32:13'),(4,4,'F','2017-02-20','online','Kaylietown','MX','2002-04-01 16:45:31','2021-09-17 17:32:13'),(5,5,'M','1998-08-11','disabled','Vernastad','IT','2006-08-09 06:51:15','2021-09-17 17:32:13'),(6,6,'F','1973-04-06','online','Lake Olaffort','MX','2004-08-20 15:09:51','2021-09-17 17:32:13'),(7,7,'F','2011-12-27','disabled','Lionelchester','US','1970-09-15 17:58:43','2021-09-17 17:32:13'),(8,8,'M','2009-05-14','disabled','Corkeryland','IN','1991-04-08 00:49:46','2021-09-17 17:32:13'),(9,9,'M','2017-11-24','disabled','Framiborough','US','2017-08-04 07:10:50','2021-09-17 17:32:13'),(10,10,'M','2005-06-06','disabled','Tillmanton','RU','1982-09-11 02:34:42','2021-09-17 17:32:13'),(11,11,'M','2001-04-12','offline','East Marlinfurt','MX','1983-10-23 08:41:31','2021-09-17 17:32:13'),(12,12,'F','2014-03-23','disabled','South Everett','IN','1992-09-15 20:18:56','2021-09-17 17:32:13'),(13,13,'F','2000-02-26','disabled','Jamirview','ES','1991-09-06 15:48:32','2021-09-17 17:32:13'),(14,14,'F','1976-05-19','offline','Edgardochester','FR','1984-08-01 11:03:38','2021-09-17 17:32:13'),(15,15,'F','2004-01-29','disabled','Fayshire','CN','1993-12-25 19:31:38','2021-09-17 17:32:13'),(16,16,'F','1981-11-22','online','Bernhardberg','MX','1977-10-29 15:22:14','2021-09-17 17:32:13'),(17,17,'F','1974-05-26','online','Simoneville','ES','1971-03-08 20:13:41','2021-09-17 17:32:13'),(18,18,'M','1990-04-14','disabled','New Consuelo','FR','2009-11-20 13:36:07','2021-09-17 17:32:13'),(19,19,'F','1997-12-28','offline','New Guiseppe','CN','2001-04-10 21:18:19','2021-09-17 17:32:13'),(20,20,'F','2009-02-26','offline','Fatimafurt','RU','2021-02-26 21:26:29','2021-09-17 17:32:13'),(21,21,'M','1982-11-09','offline','Peteshire','IT','1973-06-20 03:33:25','2021-09-17 17:32:13'),(22,22,'F','2012-05-20','offline','West Nadiahaven','IN','1999-07-04 06:00:52','2021-09-17 17:32:13'),(23,23,'F','2013-05-03','online','Dachside','US','2010-07-06 10:10:42','2021-09-17 17:32:13'),(24,24,'F','1976-02-01','offline','Paytonburgh','ES','1979-12-23 06:02:53','2021-09-17 17:32:13'),(25,25,'F','1994-10-28','offline','South Ravenstad','IT','1974-03-06 02:58:06','2021-09-17 17:32:13'),(26,26,'F','1994-07-29','disabled','Felipeberg','US','2010-09-15 15:43:54','2021-09-17 17:32:13'),(27,27,'M','1994-07-28','online','North Karineville','DE','1980-05-28 11:06:01','2021-09-17 17:32:13'),(28,28,'M','1978-01-29','offline','Lake Rosario','MX','1972-03-02 02:10:14','2021-09-17 17:32:13'),(29,29,'M','1994-11-05','disabled','Jaskolskiport','ES','1986-04-15 23:36:01','2021-09-17 17:32:13'),(30,30,'F','1989-04-16','offline','West Danyka','US','1970-05-05 03:38:22','2021-09-17 17:32:13'),(31,31,'F','1974-05-29','online','Lake Sarina','DE','2016-03-16 07:08:08','2021-09-17 17:32:13'),(32,32,'M','1988-08-24','offline','Port Borishaven','GB','1980-12-21 15:00:59','2021-09-17 17:32:13'),(33,33,'F','1976-09-28','disabled','West Deronside','CN','2018-06-23 00:17:54','2021-09-17 17:32:13'),(34,34,'F','1990-07-07','offline','Lake Emmanuelmouth','FR','2020-02-29 10:54:45','2021-09-17 17:32:13'),(35,35,'M','2004-06-10','disabled','West Yvette','IE','1981-12-03 17:58:23','2021-09-17 17:32:13'),(36,36,'F','1976-05-16','offline','Russelmouth','DE','1979-08-24 06:45:32','2021-09-17 17:32:13'),(37,37,'M','1985-12-10','offline','New Zander','MX','2020-02-15 23:03:50','2021-09-17 17:32:13'),(38,38,'M','1980-09-21','disabled','Hirtheland','MX','1977-12-13 03:33:26','2021-09-17 17:32:13'),(39,39,'F','2018-05-03','online','Lake Tevinburgh','IE','1983-05-22 01:23:03','2021-09-17 17:32:13'),(40,40,'F','2001-07-21','online','Treutelmouth','GB','2001-02-09 07:51:11','2021-09-17 17:32:13'),(41,41,'F','2000-10-28','online','Blockburgh','MX','1972-11-03 07:38:02','2021-09-17 17:32:13'),(42,42,'M','1973-04-13','offline','South Bernieburgh','CN','1972-04-01 17:29:32','2021-09-17 17:32:13'),(43,43,'F','1977-01-27','online','Whiteport','IE','1988-10-08 12:23:17','2021-09-17 17:32:13'),(44,44,'M','1971-03-16','offline','Russelside','IE','1972-09-20 21:06:57','2021-09-17 17:32:13'),(45,45,'M','1996-02-22','online','New Lennamouth','GB','1987-10-24 04:32:20','2021-09-17 17:32:13'),(46,46,'F','1986-03-18','offline','Port Stephanie','IT','2010-07-25 11:18:28','2021-09-17 17:32:13'),(47,47,'F','1979-09-14','offline','Goyettemouth','ES','1981-08-12 15:50:06','2021-09-17 17:32:13'),(48,48,'M','1982-07-28','online','South Alessiaview','FR','2018-11-14 07:49:39','2021-09-17 17:32:13'),(49,49,'F','1990-06-17','online','Prohaskaland','CA','2016-06-02 14:53:51','2021-09-17 17:32:13'),(50,50,'M','1986-11-29','offline','New Aniyah','CN','1999-03-15 14:28:42','2021-09-17 17:32:13'),(51,51,'M','1987-09-10','disabled','East Pink','IE','2000-01-10 03:39:54','2021-09-17 17:32:13'),(52,52,'M','2009-09-10','offline','Dickinsonfurt','IN','1976-06-06 17:17:14','2021-09-17 17:32:13'),(53,53,'F','1971-12-03','online','New Sylvester','PT','2020-10-15 11:08:57','2021-09-17 17:32:13'),(54,54,'F','1981-03-03','disabled','North Drewchester','PT','1976-07-17 00:25:56','2021-09-17 17:32:13'),(55,55,'F','1985-11-03','online','North Alison','IE','1983-07-30 16:11:08','2021-09-17 17:32:13'),(56,56,'M','1994-05-20','offline','Lemkemouth','GB','1978-08-21 15:41:53','2021-09-17 17:32:13'),(57,57,'M','2009-10-14','disabled','East Elna','CA','2016-04-07 07:42:56','2021-09-17 17:32:13'),(58,58,'F','2007-05-02','disabled','Port Adeliachester','IN','2016-04-15 00:51:41','2021-09-17 17:32:13'),(59,59,'F','2000-05-20','offline','North Harmony','ES','1987-11-14 18:19:53','2021-09-17 17:32:13'),(60,60,'F','2011-06-07','offline','Port Monique','IN','1981-01-18 23:32:40','2021-09-17 17:32:13'),(61,61,'M','2000-06-25','disabled','Kutchborough','ES','1992-06-30 02:47:52','2021-09-17 17:32:13'),(62,62,'F','2002-07-04','disabled','Stehrbury','FR','1994-12-29 13:36:17','2021-09-17 17:32:13'),(63,63,'M','1992-03-18','offline','Lake Meganestad','FR','1971-09-10 09:25:27','2021-09-17 17:32:13'),(64,64,'M','1988-02-10','offline','West Brandtberg','ES','1994-02-21 18:46:56','2021-09-17 17:32:13'),(65,65,'F','1981-01-22','offline','Lake Fritzfurt','CA','1977-09-07 08:59:39','2021-09-17 17:32:13'),(66,66,'M','1981-12-04','online','Seamusport','IE','1981-08-10 22:33:46','2021-09-17 17:32:13'),(67,67,'M','2010-12-31','disabled','South Franciscoburgh','DE','2021-03-19 10:21:27','2021-09-17 17:32:13'),(68,68,'M','2021-08-07','online','North Jeffrey','PT','1978-04-12 18:09:04','2021-09-17 17:32:13'),(69,69,'M','1998-06-09','disabled','Hillsville','PT','2015-07-14 23:31:59','2021-09-17 17:32:13'),(70,70,'F','2001-09-19','disabled','West Emilestad','RU','2012-12-05 20:31:29','2021-09-17 17:32:13'),(71,71,'F','1988-07-07','disabled','Merlinmouth','CA','2006-05-21 07:35:41','2021-09-17 17:32:13'),(72,72,'M','2007-01-31','offline','Trantowport','CA','1976-07-01 02:39:42','2021-09-17 17:32:13'),(73,73,'F','2006-02-02','online','North Wiley','CN','2010-03-01 10:31:14','2021-09-17 17:32:13'),(74,74,'F','1986-05-15','offline','South Damianchester','MX','1993-05-31 17:36:37','2021-09-17 17:32:13'),(75,75,'M','1980-07-01','offline','West Bertmouth','IN','2011-01-24 04:02:02','2021-09-17 17:32:13'),(76,76,'F','1991-08-24','online','Bergnaumhaven','IE','1991-12-19 06:28:23','2021-09-17 17:32:13'),(77,77,'M','2006-11-11','disabled','Lake Alfredbury','CA','1976-08-22 00:32:49','2021-09-17 17:32:13'),(78,78,'M','1993-05-25','online','North Ciceroview','IT','1981-05-20 08:05:15','2021-09-17 17:32:13'),(79,79,'M','2011-05-01','disabled','East Caitlynmouth','PT','1979-02-14 01:22:12','2021-09-17 17:32:13'),(80,80,'F','2000-02-24','online','New Dennis','IE','1982-07-26 21:35:38','2021-09-17 17:32:13'),(81,81,'F','1972-11-13','offline','East Tommieshire','PT','1982-04-08 16:04:18','2021-09-17 17:32:13'),(82,82,'F','1999-11-03','offline','Port Emilyfurt','IE','2000-01-01 21:57:28','2021-09-17 17:32:13'),(83,83,'F','1970-09-20','offline','Ocieside','GB','1973-09-18 20:21:22','2021-09-17 17:32:13'),(84,84,'M','2016-07-03','disabled','Wittingberg','ES','2007-06-17 23:01:37','2021-09-17 17:32:13'),(85,85,'M','1998-12-27','disabled','Cindystad','IN','2016-07-23 12:30:56','2021-09-17 17:32:13'),(86,86,'M','2017-03-28','disabled','South Stantonshire','MX','1991-04-13 14:19:45','2021-09-17 17:32:13'),(87,87,'F','2000-10-27','online','New Garlandshire','US','2014-04-26 04:46:34','2021-09-17 17:32:13'),(88,88,'F','1977-12-30','disabled','Aufderharstad','US','1987-04-24 00:46:30','2021-09-17 17:32:13'),(89,89,'M','2014-06-08','online','Port Kennamouth','MX','1985-02-07 22:18:33','2021-09-17 17:32:13'),(90,90,'F','2016-09-25','disabled','Schultzmouth','MX','2003-08-15 13:36:10','2021-09-17 17:32:13'),(91,91,'M','2013-01-29','disabled','Lake Margarete','GB','2014-08-11 10:46:10','2021-09-17 17:32:13'),(92,92,'M','1970-06-27','disabled','East Iciemouth','MX','1991-11-08 09:38:37','2021-09-17 17:32:13'),(93,93,'F','1974-12-27','offline','East Ernestina','PT','1984-01-16 23:51:06','2021-09-17 17:32:13'),(94,94,'F','2013-03-24','online','South Marianna','MX','1997-09-07 22:57:25','2021-09-17 17:32:13'),(95,95,'M','1994-09-15','offline','Freddiemouth','ES','2009-02-03 08:07:32','2021-09-17 17:32:13'),(96,96,'F','1982-02-19','online','Shaniyaborough','CA','1970-01-25 11:10:46','2021-09-17 17:32:13'),(97,97,'M','1981-06-05','offline','South Itzelstad','DE','2015-12-26 05:44:09','2021-09-17 17:32:13'),(98,98,'F','2007-06-12','disabled','New Carrollshire','IE','2010-11-07 16:58:55','2021-09-17 17:32:13'),(99,99,'F','2016-01-16','online','East Judd','PT','1986-12-30 23:26:42','2021-09-17 17:32:13'),(100,100,'M','1988-05-13','online','North Kristina','CN','1988-01-29 21:09:41','2021-09-17 17:32:13');
/*!40000 ALTER TABLE `profiles` ENABLE KEYS */;
UNLOCK TABLES;

--
-- Table structure for table `users`
--

DROP TABLE IF EXISTS `users`;
/*!40101 SET @saved_cs_client     = @@character_set_client */;
/*!50503 SET character_set_client = utf8mb4 */;
CREATE TABLE `users` (
  `id` int unsigned NOT NULL AUTO_INCREMENT COMMENT 'Идентификатор строки',
  `first_name` varchar(100) NOT NULL COMMENT 'Имя пользователя',
  `last_name` varchar(100) NOT NULL COMMENT 'Фамилия пользователя',
  `email` varchar(100) NOT NULL COMMENT 'Почта',
  `phone` char(11) NOT NULL COMMENT 'Телефон',
  `created_at` datetime DEFAULT CURRENT_TIMESTAMP COMMENT 'Время создания строки',
  `updated_at` datetime DEFAULT CURRENT_TIMESTAMP ON UPDATE CURRENT_TIMESTAMP COMMENT 'Время обновления строки',
  PRIMARY KEY (`id`),
  UNIQUE KEY `email` (`email`),
  UNIQUE KEY `phone` (`phone`)
) ENGINE=InnoDB AUTO_INCREMENT=101 DEFAULT CHARSET=utf8mb4 COLLATE=utf8mb4_0900_ai_ci COMMENT='Пользователи';
/*!40101 SET character_set_client = @saved_cs_client */;

--
-- Dumping data for table `users`
--

LOCK TABLES `users` WRITE;
/*!40000 ALTER TABLE `users` DISABLE KEYS */;
INSERT INTO `users` VALUES (1,'Dylan','Batz','katelynn.spinka@example.org','941-859-752','2005-11-25 07:57:01','2006-10-15 00:27:23'),(2,'Lyda','Marquardt','reese59@example.com','(972)728-60','1998-06-15 07:37:24','2007-01-24 02:57:04'),(3,'Albertha','Ullrich','joanne.rempel@example.org','859-371-344','1996-07-15 23:27:32','2002-01-12 12:45:14'),(4,'Ludie','Price','prohaska.carroll@example.com','775-004-717','2001-08-30 16:33:27','1973-12-05 03:36:45'),(5,'Micaela','Will','viva.muller@example.org','447.010.820','1984-08-27 10:21:00','2021-08-07 23:52:14'),(6,'Jannie','Tremblay','xschuppe@example.com','(315)866-07','2012-10-20 19:22:38','1982-09-11 18:22:55'),(7,'Edd','Stracke','kurt09@example.net','(615)142-50','2009-03-04 15:57:53','1997-09-28 05:36:07'),(8,'Newton','Huel','ritchie.kennedi@example.org','051.193.555','1982-11-29 14:27:29','1987-11-11 20:53:51'),(9,'Seamus','Kilback','effie.hegmann@example.net','+62(9)76882','1975-08-09 10:57:41','2017-06-28 23:35:18'),(10,'Carroll','Skiles','syble52@example.com','1-149-631-8','2016-05-14 17:37:30','2010-01-18 19:03:47'),(11,'Bonnie','Gulgowski','schowalter.brooke@example.com','286-702-020','1979-05-19 13:49:14','1985-12-15 01:29:56'),(12,'Gardner','King','groob@example.net','(415)508-45','1990-03-19 02:41:37','1980-03-29 02:07:02'),(13,'Domenica','Rutherford','lbrown@example.net','1-266-412-7','2001-05-16 15:04:17','2016-08-25 08:44:03'),(14,'Dejuan','Lebsack','ernser.abel@example.net','02949128054','2009-11-27 11:52:13','1997-08-12 15:09:34'),(15,'Joesph','Green','qgaylord@example.net','(692)422-01','2017-10-07 11:48:03','1994-04-13 05:35:51'),(16,'Mitchel','Conroy','ewell59@example.com','1-678-142-3','1971-05-01 10:56:10','1999-03-29 00:17:55'),(17,'Alford','Rempel','xherzog@example.org','(271)756-29','2015-06-04 06:36:30','1998-09-02 18:03:20'),(18,'Eula','Franecki','moore.alberta@example.com','019.866.213','1999-06-07 05:10:45','1991-09-27 12:29:58'),(19,'Alfreda','Ratke','hirthe.marisa@example.org','(061)574-41','2016-07-11 14:26:27','2015-10-09 23:21:42'),(20,'Wilfrid','Nikolaus','ibernier@example.net','(815)709-77','1974-09-01 16:12:27','1974-11-14 06:12:25'),(21,'Delta','Armstrong','elissa.nicolas@example.net','(305)940-76','1997-04-03 20:45:18','2017-12-14 02:17:57'),(22,'Jamir','O\'Keefe','alberto.purdy@example.com','00662520267','2002-07-13 07:28:20','2013-04-18 04:27:12'),(23,'Tommie','Spencer','ashleigh.zulauf@example.org','1-619-469-0','2009-03-24 04:14:54','2014-11-27 08:47:09'),(24,'Jaleel','Smitham','ronaldo.abshire@example.org','+23(5)39297','2008-06-06 10:18:57','2010-06-01 20:05:44'),(25,'Edyth','Hudson','celestine.reichel@example.com','1-250-626-2','1991-01-23 15:46:20','2005-07-30 02:08:34'),(26,'Jerrell','Cronin','cassin.alvis@example.net','(714)888-04','1982-10-14 16:29:48','2002-10-13 05:15:56'),(27,'Rosetta','Turner','ezekiel.keeling@example.net','+71(7)87791','1988-09-17 11:19:38','1986-12-19 11:49:26'),(28,'Shaylee','Olson','casandra.wolf@example.org','753.590.642','2015-02-14 03:14:01','1974-08-15 11:22:02'),(29,'Sammie','Kozey','vfarrell@example.net','504.167.369','1988-11-10 12:47:19','2016-07-13 05:44:32'),(30,'Aurelie','Reichert','ed.krajcik@example.net','(981)422-17','2016-04-24 00:40:01','2011-08-28 01:12:52'),(31,'Zoey','Hauck','kaitlyn68@example.com','(106)197-51','1981-06-25 21:03:53','2009-12-16 23:54:28'),(32,'Mallory','Reichel','malcolm81@example.com','1-266-295-3','2020-04-16 19:20:09','2002-08-23 01:05:29'),(33,'Orpha','Hammes','major.osinski@example.com','(879)776-92','2015-12-30 21:16:16','1975-02-16 06:36:04'),(34,'Lue','DuBuque','tmorissette@example.com','(449)840-65','2014-10-10 10:47:04','1972-08-21 07:25:04'),(35,'Trystan','Collins','zpagac@example.net','878-262-248','1997-07-14 02:42:50','1987-09-30 22:27:57'),(36,'Sallie','Graham','hank01@example.net','03886700577','2006-08-17 07:03:30','1973-04-21 13:23:22'),(37,'Clair','Kovacek','awalker@example.com','1-125-488-0','1977-06-28 19:53:14','1971-04-25 00:46:40'),(38,'Cecelia','Braun','bednar.hilario@example.org','020-807-359','1981-06-18 02:37:12','2016-08-13 19:34:00'),(39,'Amira','Lowe','nitzsche.marion@example.org','848.117.897','2021-07-30 13:24:33','1999-03-03 06:08:58'),(40,'Alessandra','Roberts','gleichner.aleen@example.com','(806)818-88','1994-06-12 07:57:34','2003-07-22 19:26:03'),(41,'Aliyah','Schmidt','aurelie.wuckert@example.com','880.501.942','1996-08-15 19:29:39','2021-06-16 23:28:09'),(42,'Anita','Gulgowski','bertha00@example.com','541-267-257','1996-06-17 07:24:45','1990-10-22 07:53:47'),(43,'Colten','Armstrong','hal.gusikowski@example.net','952.414.328','1981-02-05 20:41:32','2006-01-20 20:16:54'),(44,'Trey','Mayert','mfranecki@example.org','592.863.145','1995-10-13 20:33:52','1986-12-03 19:59:23'),(45,'Jessy','Schamberger','jessy.heaney@example.com','(728)424-79','2010-05-04 08:32:42','2000-03-06 23:37:50'),(46,'Arely','Adams','oberbrunner.ayla@example.net','02145808391','2016-02-20 11:40:44','1993-03-25 09:11:32'),(47,'Veda','Feeney','awyman@example.org','+20(7)78274','1993-05-27 05:12:34','1979-01-24 14:41:41'),(48,'Zora','Bogisich','zackery16@example.net','(988)121-73','2005-05-14 05:44:40','1986-07-20 21:43:49'),(49,'Marisa','Labadie','fweimann@example.org','(362)041-26','2006-03-25 01:30:52','1972-06-07 05:02:24'),(50,'Jevon','Terry','pkertzmann@example.net','468.005.954','2004-08-05 00:26:20','2003-02-21 20:35:03'),(51,'Aidan','Williamson','darwin54@example.org','(271)365-69','2018-09-18 04:50:55','2010-10-01 05:33:22'),(52,'Concepcion','Kerluke','kling.breanna@example.net','573-431-184','2007-03-01 02:26:31','1991-11-27 20:55:06'),(53,'Kasandra','Goldner','vhudson@example.com','061.834.753','1980-03-21 20:44:56','2004-05-07 22:46:28'),(54,'Bell','Feeney','erodriguez@example.org','948.690.844','1971-12-01 05:47:15','1993-01-02 01:29:44'),(55,'Salma','Rippin','tbeer@example.com','713.698.351','1974-02-14 22:44:47','2001-07-18 04:04:24'),(56,'Luisa','Ebert','josephine66@example.com','561-030-907','2021-03-21 04:18:25','1992-11-05 02:55:02'),(57,'Jaida','Schmidt','christophe.hagenes@example.com','1-021-973-5','1983-08-11 06:19:16','2016-11-30 10:33:51'),(58,'Elinore','Kuvalis','stephan04@example.net','1-774-478-7','1975-10-07 07:30:45','1991-11-20 03:04:11'),(59,'Gilberto','Gleichner','kuhic.bradly@example.org','1-374-145-3','2003-05-14 14:09:08','1978-05-10 00:35:28'),(60,'Lottie','Sporer','rwisoky@example.com','528.349.647','2006-08-02 12:54:19','1975-08-17 06:44:07'),(61,'Viola','Cormier','camila.swaniawski@example.org','1-214-443-7','2000-10-02 13:44:15','1980-10-05 08:57:46'),(62,'Opal','Trantow','charlotte25@example.org','+36(6)27162','1973-04-08 19:41:49','1977-11-19 04:25:38'),(63,'Devan','Hahn','gyundt@example.com','1-504-813-7','1979-12-04 20:39:10','2015-01-15 16:08:44'),(64,'Katrine','Senger','elliot.douglas@example.org','02686731978','2003-06-03 09:58:19','2007-11-26 03:53:24'),(65,'Marie','Ankunding','zschumm@example.net','167.179.772','2015-02-01 09:53:00','2005-12-24 19:28:45'),(66,'Marcia','Renner','wendy19@example.com','821.565.281','1991-03-22 04:00:42','2014-05-16 04:54:03'),(67,'Beatrice','Thompson','simonis.hailie@example.com','1-481-525-4','1992-06-11 20:32:56','2007-07-23 08:32:40'),(68,'Dorcas','Davis','hand.beryl@example.com','09424515048','1992-10-15 09:01:58','2008-07-27 01:20:41'),(69,'Dolly','Wunsch','junior08@example.net','(687)423-81','2016-12-16 22:34:10','1972-10-08 18:17:51'),(70,'Bianka','O\'Kon','tony.little@example.net','04901063935','1973-09-28 04:27:56','2020-06-04 21:08:06'),(71,'Annalise','McGlynn','susie.kertzmann@example.org','1-838-017-6','1985-04-24 07:35:08','2016-10-04 13:09:08'),(72,'Kobe','McGlynn','uschuppe@example.net','06547881383','2009-10-04 21:54:38','1972-06-25 20:13:23'),(73,'Maybelle','Hodkiewicz','auer.dora@example.net','206-939-614','2015-10-24 03:14:49','1971-02-11 10:58:00'),(74,'Jazmin','Boehm','willms.brooklyn@example.org','(133)996-13','1989-02-16 17:33:20','1985-12-03 04:06:31'),(75,'Alf','Zboncak','udaugherty@example.net','711.937.258','2010-01-24 08:55:19','1982-09-03 18:34:23'),(76,'Ulices','Harris','beer.maximus@example.org','1-499-427-3','2016-10-04 13:32:44','1997-03-31 05:03:56'),(77,'Luis','Jaskolski','erwin.rodriguez@example.com','(287)248-23','2012-07-29 20:01:06','1980-01-20 11:01:01'),(78,'Michele','McDermott','ngrant@example.net','04238773669','1999-01-14 07:28:39','1997-12-04 15:56:05'),(79,'Antonietta','Murphy','avis.jacobi@example.com','1-929-160-5','1971-09-12 05:10:19','1993-07-10 14:53:45'),(80,'Clarabelle','Goyette','kjones@example.com','561-527-860','2020-07-01 12:24:34','1991-03-19 16:12:20'),(81,'Leo','O\'Connell','percival51@example.com','243.860.032','1979-09-14 19:26:26','2010-04-25 15:20:25'),(82,'Lenora','Daniel','keagan.cassin@example.net','1-431-600-4','1983-02-24 02:58:05','2002-07-21 10:59:09'),(83,'Adonis','Fay','balistreri.berniece@example.org','(309)210-91','1973-02-07 01:18:31','1973-01-11 03:23:10'),(84,'Claudia','Brakus','lemuel.wolf@example.org','916-683-562','2006-02-26 23:27:25','1979-10-31 00:48:35'),(85,'Khalil','Kilback','jerde.abdullah@example.net','1-874-969-2','1982-07-24 05:13:04','1970-07-09 23:48:05'),(86,'Clifton','Wilkinson','vada.yost@example.org','1-193-969-7','1978-05-31 10:46:00','1996-03-28 04:15:23'),(87,'Nikki','Upton','hoeger.steve@example.net','1-199-028-0','1974-08-19 21:10:16','2000-12-02 15:59:55'),(88,'Alvis','Fay','smith.tyson@example.com','966-276-326','1997-06-08 23:53:34','2009-08-24 13:00:26'),(89,'Lina','Dietrich','ervin.will@example.com','+48(7)73801','2000-03-21 19:57:45','1971-07-26 14:26:35'),(90,'Estrella','Murazik','christop88@example.net','424-843-785','1983-04-22 14:07:11','1997-07-29 17:04:56'),(91,'Jacynthe','Jenkins','aidan.oberbrunner@example.com','+71(9)77360','2020-11-26 20:28:13','2010-12-26 09:59:22'),(92,'Shad','Torp','lillian33@example.net','1-910-495-0','1971-01-03 10:42:27','2020-02-05 01:12:37'),(93,'Jailyn','Emard','marcos54@example.net','607.551.226','2014-12-26 18:54:49','2015-08-08 00:06:43'),(94,'Kale','Bergstrom','stokes.clemmie@example.com','07666452940','1977-07-09 23:22:53','1984-06-18 10:17:09'),(95,'Reyna','Armstrong','cindy.heidenreich@example.com','1-384-567-1','2015-09-09 21:21:00','2012-10-05 21:56:55'),(96,'Rosella','Kilback','oceane03@example.com','(929)492-55','2000-04-12 07:52:39','2000-06-02 19:54:46'),(97,'Hiram','Bergnaum','nmueller@example.com','120-712-746','2007-05-13 11:38:05','1991-07-29 22:55:03'),(98,'Nichole','Ritchie','sschmidt@example.com','221-927-813','2017-08-22 18:51:46','2012-11-02 12:52:55'),(99,'Jett','Doyle','ndouglas@example.org','(317)539-77','2003-11-01 16:44:36','1994-01-10 03:49:29'),(100,'Freddie','Bechtelar','lou13@example.org','620.192.504','2000-05-09 06:42:40','1983-12-11 13:23:24');
/*!40000 ALTER TABLE `users` ENABLE KEYS */;
UNLOCK TABLES;
/*!40103 SET TIME_ZONE=@OLD_TIME_ZONE */;

/*!40101 SET SQL_MODE=@OLD_SQL_MODE */;
/*!40014 SET FOREIGN_KEY_CHECKS=@OLD_FOREIGN_KEY_CHECKS */;
/*!40014 SET UNIQUE_CHECKS=@OLD_UNIQUE_CHECKS */;
/*!40101 SET CHARACTER_SET_CLIENT=@OLD_CHARACTER_SET_CLIENT */;
/*!40101 SET CHARACTER_SET_RESULTS=@OLD_CHARACTER_SET_RESULTS */;
/*!40101 SET COLLATION_CONNECTION=@OLD_COLLATION_CONNECTION */;
/*!40111 SET SQL_NOTES=@OLD_SQL_NOTES */;

-- Dump completed on 2021-09-18 10:16:56
